h,pred_M,true_M,err_pct
1,264.69909040560833,140.46061414000002,88.45075683762656
2,120.27731922086343,46.64537424999999,157.85476299584724
3,65.47854574445176,42.86738251,52.746778344064026
4,41.310540716330536,52.07004183,-20.663515402575317
5,11.400821149158034,51.6777923,-77.93864512830973
6,2.4719352226639884,17.99960347,-86.26672400431504
7,0.5934439362689883,4.6924157,-87.35312525126476
8,0.04405803748068245,6.080143,-99.2753782685591
9,0.00040835831450356636,0.62578486,-99.93474461582474
