dev_lag,pred_M,true_M,err_M
2,118.53873556045218,62.68566093,55.85307463045218
3,98.12961726213358,46.54336899000001,51.586248272133574
4,93.63706336503942,42.12732792,51.50973544503942
5,69.32422773633769,28.199185879999998,41.125041856337695
6,56.19370881588992,32.740846700000006,23.452862115889914
7,58.432461991459135,47.094921510000006,11.337540481459133
8,7.580586701315081,47.23583118,-39.655244478684914
9,3.953937066484679,18.33899585,-14.385058783515323
10,0.48582429202854227,38.1530131,-37.66718880797146
