dev_lag,cl_cohort,true_rbns,coh_err_M,coh_err_pct
2,118957640.36966448,62685660.93,56.27197943966448,89.7685030433075
3,98320202.32007036,46543368.99,51.77683333007035,111.24427486371857
4,86360831.13596773,42127327.919999994,44.23350321596774,104.99954637514008
5,68038758.0409342,28199185.879999995,39.83957216093421,141.27915724400415
6,65788314.01841515,32740846.7,33.04746731841515,100.93650790776634
7,64728949.84658924,47094921.51,17.63402833658924,37.4435879096749
8,8202873.78350243,47235831.18,-39.03295739649757,-82.63421309928047
9,4130856.8338278234,18338995.85,-14.208139016172177,-77.47501080421574
10,944960.5956825614,38153013.1,-37.20805250431744,-97.52323468344218
