h,cl_standard,cl_cohort,true_total,true_rbns,err_std_vs_total_pct,err_cohort_vs_rbns_pct,err_std_vs_rbns_pct
1,301370429.5930391,256633113.02700323,168998109.09,140460614.14,78.32769325989568,82.70823789166386,114.55867286231354
2,157157673.11352026,117156084.66572985,70413938.0,46645374.25,123.1911430852231,151.1633501702044,236.92016762738325
3,95795150.2597624,65187131.81457478,54865482.69,42867382.51,74.60003186524852,52.06697492987373,123.46862497941306
4,60673374.954274476,38544727.783845395,56044685.28,52070041.83,8.258927052849852,-25.975231766305274,16.522616118425493
5,38123802.707639575,24778492.98530495,53820728.589999996,51677792.3,-29.165205105151514,-52.05195136537411,-26.227880466868204
6,18183703.859924316,10978319.211659431,19422954.03,17999603.47,-6.380338274814346,-39.007994092997464,1.0228024757943155
7,2628488.0848895907,1558910.5627150536,7999611.12,4692415.7,-67.14230172616702,-66.77808057979489,-43.98433018435279
8,936624.1446747184,449587.2047562599,6241768.74,6080143.0,-84.99425108988068,-92.60564751920704,-84.59535993356211
9,150622.5936101079,187019.68906503916,753775.61,625784.86,-80.01758194191136,-70.11437939469498,-75.93061078369523
