name,objective,method,structure,target,zero_handling,arm,total_predicted_reserve,total_true_reserve,total_reserve_error,total_reserve_error_pct,max_ay_error_pct,rmse,mae
hgb_gamma__per_dy__raw__two_stage,gamma_hgb,hgb,per_dy,raw,two_stage,cv_dy,537512030.0307131,363119152.06,174392877.97071308,48.02635084967847,234.3298002196139,80161.08239698302,4401.088072673172
hgb_gamma__per_dy__raw__two_stage,gamma_hgb,hgb,per_dy,raw,two_stage,cv_dy_bs1,487911550.7419382,363119152.06,124792398.68193817,34.36679061789561,209.05622402264362,79898.83202091725,4128.773757072236
hgb_gamma__per_dy__raw__two_stage,gamma_hgb,hgb,per_dy,raw,two_stage,cv_dy_bsmean,513453041.1849501,363119152.06,150333889.1249501,41.40070505014555,224.5928950987924,79878.61764283213,4240.302956515988
hgb_gamma__per_dy__raw__two_stage,gamma_hgb,hgb,per_dy,raw,two_stage,cv_dy_heur,517496997.45311236,363119152.06,154377845.39311236,42.51437703500798,222.87161103282855,79986.64453498006,4288.97466364427
hgb_gamma__per_dy__raw__two_stage,gamma_hgb,hgb,per_dy,raw,two_stage,cv_dy_zcv,504575248.5173079,363119152.06,141456096.45730788,38.955834649540705,214.7776396396688,80009.95195996195,4227.824217800875
hgb_gamma__per_dy__raw__two_stage,gamma_hgb,hgb,per_dy,raw,two_stage,cv_global,537512030.0307131,363119152.06,174392877.97071308,48.02635084967847,234.3298002196139,80161.08239698302,4401.088072673172
hgb_gamma__per_dy__raw__two_stage,gamma_hgb,hgb,per_dy,raw,two_stage,cv_type,492572602.262413,363119152.06,129453450.20241302,35.65040551235446,156.45865376459616,83713.87664505308,4009.0841128230486
hgb_gamma__per_dy__raw__two_stage,gamma_hgb,hgb,per_dy,raw,two_stage,cv_type_bs1,433906961.8028899,363119152.06,70787809.74288988,19.49437514967353,150.39968115748073,80255.49819088998,3726.3701459625004
hgb_gamma__per_dy__raw__two_stage,gamma_hgb,hgb,per_dy,raw,two_stage,duan,405764903.9770922,363119152.06,42645751.917092204,11.744286049127377,156.1211578998333,79702.91652079401,3716.799224269952
hgb_gamma__per_dy__raw__two_stage,gamma_hgb,hgb,per_dy,raw,two_stage,insample_global,531535344.24098444,363119152.06,168416192.18098444,46.38042119936328,227.87259110923048,80084.9817635742,4373.596177840219
hgb_gamma__per_dy__raw__two_stage,gamma_hgb,hgb,per_dy,raw,two_stage,iso_global,491921781.51324457,363119152.06,128802629.45324457,35.471174880900215,192.91356497729,81473.31818391311,4123.727207294154
hgb_gamma__per_dy__raw__two_stage,gamma_hgb,hgb,per_dy,raw,two_stage,none,405764903.9770922,363119152.06,42645751.917092204,11.744286049127377,156.1211578998333,79702.91652079401,3716.799224269952
hgb_gamma__per_dy__raw__two_stage,gamma_hgb,hgb,per_dy,raw,two_stage,paper,405764903.9770922,363119152.06,42645751.917092204,11.744286049127377,156.1211578998333,79702.91652079401,3716.799224269952
hgb_gamma__per_dy__raw__two_stage,gamma_hgb,hgb,per_dy,raw,two_stage,shift_dy_bs1,487930571.1196799,363119152.06,124811419.05967993,34.372028672025735,209.0596526525116,79898.85077084164,4128.883833240813
hgb_gamma__per_dy__raw__two_stage,gamma_hgb,hgb,per_dy,raw,two_stage,shift_global,537505643.1825261,363119152.06,174386491.1225261,48.02459196470897,234.3142972879517,80160.86472254456,4401.072949863892
hgb_gamma__single_model__raw__two_stage,gamma_hgb,hgb,single_model,raw,two_stage,cv_dy,1061240478.1618304,363119152.06,698121326.1018305,192.2568176702716,629.275344132461,80972.52794069385,7306.509458339945
hgb_gamma__single_model__raw__two_stage,gamma_hgb,hgb,single_model,raw,two_stage,cv_dy_bs1,913118489.6953473,363119152.06,549999337.6353474,151.46525169910845,533.3187071228714,80093.96840346474,6475.37802037512
hgb_gamma__single_model__raw__two_stage,gamma_hgb,hgb,single_model,raw,two_stage,cv_dy_bsmean,929512856.5568256,363119152.06,566393704.4968257,155.98012423295086,543.9929998127602,80158.12528030973,6566.6790678696325
hgb_gamma__single_model__raw__two_stage,gamma_hgb,hgb,single_model,raw,two_stage,cv_dy_heur,973888317.1831648,363119152.06,610769165.1231649,168.2007577012199,573.8109735262276,80229.69489932795,6811.933216000304
hgb_gamma__single_model__raw__two_stage,gamma_hgb,hgb,single_model,raw,two_stage,cv_dy_zcv,990201059.9121197,363119152.06,627081907.8521197,172.69315162657787,582.8985607381999,80473.80135057867,6915.451419921399
hgb_gamma__single_model__raw__two_stage,gamma_hgb,hgb,single_model,raw,two_stage,cv_global,816600912.3328499,363119152.06,453481760.27284986,124.88511214575617,475.4326546653663,79635.12572259274,5935.708564734323
hgb_gamma__single_model__raw__two_stage,gamma_hgb,hgb,single_model,raw,two_stage,cv_type,821853508.2946117,363119152.06,458734356.2346117,126.3316334685681,449.93707589333314,79253.37195607257,5890.522659166327
hgb_gamma__single_model__raw__two_stage,gamma_hgb,hgb,single_model,raw,two_stage,cv_type_bs1,806658906.5653925,363119152.06,443539754.5053925,122.14716629215529,447.20876163170703,79380.31217493664,5833.188328673964
hgb_gamma__single_model__raw__two_stage,gamma_hgb,hgb,single_model,raw,two_stage,duan,676970874.8468845,363119152.06,313851722.7868845,86.43215897767497,377.03981438303316,79484.35501652978,5213.515522454621
hgb_gamma__single_model__raw__two_stage,gamma_hgb,hgb,single_model,raw,two_stage,insample_global,767724055.7057205,363119152.06,404604903.64572054,111.42483158774992,440.9906904991745,79568.11419175722,5681.339759471618
hgb_gamma__single_model__raw__two_stage,gamma_hgb,hgb,single_model,raw,two_stage,iso_global,835995603.9789414,363119152.06,472876451.91894144,130.2262492177239,448.29218392923156,79321.80232535122,5989.600548145761
hgb_gamma__single_model__raw__two_stage,gamma_hgb,hgb,single_model,raw,two_stage,none,676970874.8468845,363119152.06,313851722.7868845,86.43215897767497,377.03981438303316,79484.35501652978,5213.515522454621
hgb_gamma__single_model__raw__two_stage,gamma_hgb,hgb,single_model,raw,two_stage,paper,676970874.8468845,363119152.06,313851722.7868845,86.43215897767497,377.03981438303316,79484.35501652978,5213.515522454621
hgb_gamma__single_model__raw__two_stage,gamma_hgb,hgb,single_model,raw,two_stage,shift_dy_bs1,913087779.2790693,363119152.06,549968627.2190692,151.45679430541168,533.2707866128883,80093.25408556446,6475.216787231379
hgb_gamma__single_model__raw__two_stage,gamma_hgb,hgb,single_model,raw,two_stage,shift_global,816621588.3059676,363119152.06,453502436.24596757,124.8908061371087,475.4281786808865,79635.11124587727,5935.8371992298835
hgb_poisson__per_dy__raw__include_zeros,poisson_hgb,hgb,per_dy,raw,include_zeros,cv_dy,660504907.101059,363119152.06,297385755.04105896,81.89756815468671,182.53672231417727,105640.10582394768,5080.413539809724
hgb_poisson__per_dy__raw__include_zeros,poisson_hgb,hgb,per_dy,raw,include_zeros,cv_dy_bs1,711621876.3290153,363119152.06,348502724.26901525,95.97475712639645,185.70632528323827,117263.81392764341,5377.380992006564
hgb_poisson__per_dy__raw__include_zeros,poisson_hgb,hgb,per_dy,raw,include_zeros,cv_dy_bsmean,709393546.0470579,363119152.06,346274393.98705786,95.3610934654973,186.0678258150313,116406.45506254645,5364.010140107734
hgb_poisson__per_dy__raw__include_zeros,poisson_hgb,hgb,per_dy,raw,include_zeros,cv_dy_heur,842669811.0656872,363119152.06,479550659.0056872,132.06427044268065,221.7995267708632,146671.7789850925,6128.388580550597
hgb_poisson__per_dy__raw__include_zeros,poisson_hgb,hgb,per_dy,raw,include_zeros,cv_dy_zcv,1100912840.206191,363119152.06,737793688.1461911,203.18225683240243,400.5917145202874,220624.8729054827,7651.998645614028
hgb_poisson__per_dy__raw__include_zeros,poisson_hgb,hgb,per_dy,raw,include_zeros,cv_global,660504907.101059,363119152.06,297385755.04105896,81.89756815468671,182.53672231417727,105640.10582394768,5080.413539809724
hgb_poisson__per_dy__raw__include_zeros,poisson_hgb,hgb,per_dy,raw,include_zeros,cv_type,636494365.2551522,363119152.06,273375213.1951522,75.2852642567256,155.39029176754565,100782.38425412573,4900.975190799863
hgb_poisson__per_dy__raw__include_zeros,poisson_hgb,hgb,per_dy,raw,include_zeros,cv_type_bs1,665516219.5968702,363119152.06,302397067.5368702,83.27764201401958,158.5160639735376,111668.06247834225,5087.042545384897
hgb_poisson__per_dy__raw__include_zeros,poisson_hgb,hgb,per_dy,raw,include_zeros,duan,1100912840.206191,363119152.06,737793688.1461911,203.18225683240243,400.5917145202874,220624.8729054827,7651.998645614028
hgb_poisson__per_dy__raw__include_zeros,poisson_hgb,hgb,per_dy,raw,include_zeros,insample_global,428245020.25039613,363119152.06,65125868.19039613,17.93512344940568,150.06982972470186,81305.41530659115,3794.4766614248197
hgb_poisson__per_dy__raw__include_zeros,poisson_hgb,hgb,per_dy,raw,include_zeros,iso_global,547854200.0209861,363119152.06,184735047.96098608,50.87449860823132,185.21191542475532,81487.9263614487,4497.161487203571
hgb_poisson__per_dy__raw__include_zeros,poisson_hgb,hgb,per_dy,raw,include_zeros,none,1100912840.206191,363119152.06,737793688.1461911,203.18225683240243,400.5917145202874,220624.8729054827,7651.998645614028
hgb_poisson__per_dy__raw__include_zeros,poisson_hgb,hgb,per_dy,raw,include_zeros,paper,1100912840.206191,363119152.06,737793688.1461911,203.18225683240243,400.5917145202874,220624.8729054827,7651.998645614028
hgb_poisson__per_dy__raw__include_zeros,poisson_hgb,hgb,per_dy,raw,include_zeros,shift_dy_bs1,712157036.9114327,363119152.06,349037884.85143274,96.1221359080943,185.74270162615534,117384.76593823255,5380.465384778977
hgb_poisson__per_dy__raw__include_zeros,poisson_hgb,hgb,per_dy,raw,include_zeros,shift_global,660561759.8520706,363119152.06,297442607.79207057,81.91322493034535,182.5409957113084,105649.24790248793,5080.776448600882
hgb_poisson__per_dy__raw__two_stage,poisson_hgb,hgb,per_dy,raw,two_stage,cv_dy,623901585.2778363,363119152.06,260782433.21783632,71.81731719145068,288.278222464126,80564.44527895795,4900.182246642588
hgb_poisson__per_dy__raw__two_stage,poisson_hgb,hgb,per_dy,raw,two_stage,cv_dy_bs1,546370433.872211,363119152.06,183251281.81221098,50.46588172852184,242.77923656261265,80032.80929961431,4465.984923502925
hgb_poisson__per_dy__raw__two_stage,poisson_hgb,hgb,per_dy,raw,two_stage,cv_dy_bsmean,560349445.2198256,363119152.06,197230293.15982562,54.31558540521054,249.96099528799496,80073.10646123288,4542.147532702916
hgb_poisson__per_dy__raw__two_stage,poisson_hgb,hgb,per_dy,raw,two_stage,cv_dy_heur,582120313.0807666,363119152.06,219001161.02076656,60.31110168063509,261.73444220226963,80178.7651451875,4665.19788156051
hgb_poisson__per_dy__raw__two_stage,poisson_hgb,hgb,per_dy,raw,two_stage,cv_dy_zcv,522895830.1312275,363119152.06,159776678.0712275,44.00117073550193,228.45932946899623,79954.45261627036,4342.780442994389
hgb_poisson__per_dy__raw__two_stage,poisson_hgb,hgb,per_dy,raw,two_stage,cv_global,623901585.2778363,363119152.06,260782433.21783632,71.81731719145068,288.278222464126,80564.44527895795,4900.182246642588
hgb_poisson__per_dy__raw__two_stage,poisson_hgb,hgb,per_dy,raw,two_stage,cv_type,540262360.4698024,363119152.06,177143208.40980238,48.78376902040466,166.0414068674461,84713.63919406876,4271.222280423646
hgb_poisson__per_dy__raw__two_stage,poisson_hgb,hgb,per_dy,raw,two_stage,cv_type_bs1,473587225.03584456,363119152.06,110468072.97584456,30.421990233550495,162.3794742329049,80445.31555770263,3938.827567117413
hgb_poisson__per_dy__raw__two_stage,poisson_hgb,hgb,per_dy,raw,two_stage,duan,522895830.1312275,363119152.06,159776678.0712275,44.00117073550193,228.45932946899623,79954.45261627036,4342.780442994389
hgb_poisson__per_dy__raw__two_stage,poisson_hgb,hgb,per_dy,raw,two_stage,insample_global,568307006.454153,363119152.06,205187854.39415294,56.507031708492406,254.74355179964178,80155.57677777004,4591.394138151367
hgb_poisson__per_dy__raw__two_stage,poisson_hgb,hgb,per_dy,raw,two_stage,iso_global,583214989.8826418,363119152.06,220095837.8226418,60.61256658428037,264.1424367033451,81289.31221117706,4672.510357561001
hgb_poisson__per_dy__raw__two_stage,poisson_hgb,hgb,per_dy,raw,two_stage,none,522895830.1312275,363119152.06,159776678.0712275,44.00117073550193,228.45932946899623,79954.45261627036,4342.780442994389
hgb_poisson__per_dy__raw__two_stage,poisson_hgb,hgb,per_dy,raw,two_stage,paper,522895830.1312275,363119152.06,159776678.0712275,44.00117073550193,228.45932946899623,79954.45261627036,4342.780442994389
hgb_poisson__per_dy__raw__two_stage,poisson_hgb,hgb,per_dy,raw,two_stage,shift_dy_bs1,546404568.671934,363119152.06,183285416.611934,50.47528216899142,242.7969950854251,80032.94939083359,4466.17426176194
hgb_poisson__per_dy__raw__two_stage,poisson_hgb,hgb,per_dy,raw,two_stage,shift_global,623886039.2552341,363119152.06,260766887.19523412,71.81303594588321,288.25906908504743,80564.13793699892,4900.107524109755
hgb_poisson__single_model__raw__include_zeros,poisson_hgb,hgb,single_model,raw,include_zeros,cv_dy,2690663889.3862877,363119152.06,2327544737.3262877,640.9864982670194,20642.47979955255,306538.3961875171,16146.77963214244
hgb_poisson__single_model__raw__include_zeros,poisson_hgb,hgb,single_model,raw,include_zeros,cv_dy_bs1,2738185422.7375264,363119152.06,2375066270.6775265,654.0735340462246,20642.47979955255,308149.0344042132,16406.156187051383
hgb_poisson__single_model__raw__include_zeros,poisson_hgb,hgb,single_model,raw,include_zeros,cv_dy_bsmean,2598010536.4346657,363119152.06,2234891384.3746657,615.4705340370984,20642.47979955255,289966.4032887079,15599.722115402144
hgb_poisson__single_model__raw__include_zeros,poisson_hgb,hgb,single_model,raw,include_zeros,cv_dy_heur,3173585936.2349863,363119152.06,2810466784.1749864,773.9792209336837,20642.47979955255,333174.9979491842,18799.380090083658
hgb_poisson__single_model__raw__include_zeros,poisson_hgb,hgb,single_model,raw,include_zeros,cv_dy_zcv,4014608831.508145,363119152.06,3651489679.448145,1005.5899444391716,20642.47979955255,407408.98086951434,23623.42047316138
hgb_poisson__single_model__raw__include_zeros,poisson_hgb,hgb,single_model,raw,include_zeros,cv_global,3549019033.9870987,363119152.06,3185899881.9270988,877.3703793515899,20642.47979955255,361140.3649602129,20980.738952187516
hgb_poisson__single_model__raw__include_zeros,poisson_hgb,hgb,single_model,raw,include_zeros,cv_type,2178626155.5583153,363119152.06,1815507003.4983153,499.97555711364134,9029.17120867409,135491.47103479572,13237.957626197087
hgb_poisson__single_model__raw__include_zeros,poisson_hgb,hgb,single_model,raw,include_zeros,cv_type_bs1,2227949298.976775,363119152.06,1864830146.9167752,513.5587413490765,9396.024092581716,141461.71779399348,13505.21629939006
hgb_poisson__single_model__raw__include_zeros,poisson_hgb,hgb,single_model,raw,include_zeros,duan,4295723006.477152,363119152.06,3932603854.417152,1083.0064545224946,25006.641252983874,438002.20451800985,25263.59334506406
hgb_poisson__single_model__raw__include_zeros,poisson_hgb,hgb,single_model,raw,include_zeros,insample_global,2074949792.1413813,363119152.06,1711830640.0813813,471.42394731042083,12027.183240329392,212697.03749391963,12656.823205208431
hgb_poisson__single_model__raw__include_zeros,poisson_hgb,hgb,single_model,raw,include_zeros,iso_global,1343576536.016989,363119152.06,980457383.956989,270.00982415683296,2826.407992427234,81223.01527513575,8671.05728185897
hgb_poisson__single_model__raw__include_zeros,poisson_hgb,hgb,single_model,raw,include_zeros,none,4295723006.477152,363119152.06,3932603854.417152,1083.0064545224946,25006.641252983874,438002.20451800985,25263.59334506406
hgb_poisson__single_model__raw__include_zeros,poisson_hgb,hgb,single_model,raw,include_zeros,paper,4295723006.477152,363119152.06,3932603854.417152,1083.0064545224946,25006.641252983874,438002.20451800985,25263.59334506406
hgb_poisson__single_model__raw__include_zeros,poisson_hgb,hgb,single_model,raw,include_zeros,shift_dy_bs1,2738585389.112763,363119152.06,2375466237.052763,654.1836814655959,20642.590784812684,308162.46237051213,16408.259761902318
hgb_poisson__single_model__raw__include_zeros,poisson_hgb,hgb,single_model,raw,include_zeros,shift_global,3549041214.057503,363119152.06,3185922061.9975033,877.3764875588489,20642.590784812684,361145.6284517079,20980.861923573444
hgb_poisson__single_model__raw__two_stage,poisson_hgb,hgb,single_model,raw,two_stage,cv_dy,1145787859.3472955,363119152.06,782668707.2872956,215.54046456849272,575.4321784469486,80656.75105203263,7628.93819036285
hgb_poisson__single_model__raw__two_stage,poisson_hgb,hgb,single_model,raw,two_stage,cv_dy_bs1,1026337843.6582918,363119152.06,663218691.5982919,182.6449218764162,509.7536800811879,79587.56252139116,6965.159808572282
hgb_poisson__single_model__raw__two_stage,poisson_hgb,hgb,single_model,raw,two_stage,cv_dy_bsmean,1032933052.1417687,363119152.06,669813900.0817688,184.46118754184909,513.3905851455717,79632.18944554267,7001.936774725894
hgb_poisson__single_model__raw__two_stage,poisson_hgb,hgb,single_model,raw,two_stage,cv_dy_heur,1207312413.7494676,363119152.06,844193261.6894677,232.48381609736114,607.7217139654589,80454.0880731049,7947.66328648594
hgb_poisson__single_model__raw__two_stage,poisson_hgb,hgb,single_model,raw,two_stage,cv_dy_zcv,1073924607.6561186,363119152.06,710805455.5961187,195.7499216341717,531.5655763521117,79328.56222712564,7220.588299063831
hgb_poisson__single_model__raw__two_stage,poisson_hgb,hgb,single_model,raw,two_stage,cv_global,1102242894.0143023,363119152.06,739123741.9543023,203.54854260955454,548.8505595460313,79456.31954056853,7363.780716219717
hgb_poisson__single_model__raw__two_stage,poisson_hgb,hgb,single_model,raw,two_stage,cv_type,1104242725.147417,363119152.06,741123573.0874171,204.09927950177567,542.663197920213,79673.71397927553,7351.462484847847
hgb_poisson__single_model__raw__two_stage,poisson_hgb,hgb,single_model,raw,two_stage,cv_type_bs1,1040328651.9994736,363119152.06,677209499.9394736,186.4978743471991,512.4038826898238,79147.47311105796,7037.4051028478525
hgb_poisson__single_model__raw__two_stage,poisson_hgb,hgb,single_model,raw,two_stage,duan,1040328651.9994736,363119152.06,677209499.9394736,186.4978743471991,512.4038826898238,79147.47311105796,7037.4051028478525
hgb_poisson__single_model__raw__two_stage,poisson_hgb,hgb,single_model,raw,two_stage,insample_global,1049191917.6971631,363119152.06,686072765.6371632,188.93874414087634,517.6213669109346,79189.05872589779,7084.018469523642
hgb_poisson__single_model__raw__two_stage,poisson_hgb,hgb,single_model,raw,two_stage,iso_global,1077926974.963676,363119152.06,714807822.903676,196.85214036453928,554.0015175271893,79418.75310549556,7299.241611128546
hgb_poisson__single_model__raw__two_stage,poisson_hgb,hgb,single_model,raw,two_stage,none,1040328651.9994736,363119152.06,677209499.9394736,186.4978743471991,512.4038826898238,79147.47311105796,7037.4051028478525
hgb_poisson__single_model__raw__two_stage,poisson_hgb,hgb,single_model,raw,two_stage,paper,1040328651.9994736,363119152.06,677209499.9394736,186.4978743471991,512.4038826898238,79147.47311105796,7037.4051028478525
hgb_poisson__single_model__raw__two_stage,poisson_hgb,hgb,single_model,raw,two_stage,shift_dy_bs1,1026379008.5775056,363119152.06,663259856.5175056,182.65625835343212,509.7698763570821,79586.94806256673,6965.352482543387
hgb_poisson__single_model__raw__two_stage,poisson_hgb,hgb,single_model,raw,two_stage,shift_global,1102247442.4815564,363119152.06,739128290.4215565,203.5497952196767,548.8489036722776,79456.29365732228,7363.810322089051
lightgbm_poisson__per_dy__raw__include_zeros,poisson_lgbm,lightgbm,per_dy,raw,include_zeros,cv_dy,77099250280.72513,363119152.06,76736131128.66513,21132.493478610468,48140.25069935646,3843025.339249496,459262.48666540213
lightgbm_poisson__per_dy__raw__include_zeros,poisson_lgbm,lightgbm,per_dy,raw,include_zeros,cv_dy_bs1,52284313212.84183,363119152.06,51921194060.78183,14298.66581430071,32624.15119500617,2601424.127790974,311871.27334499586
lightgbm_poisson__per_dy__raw__include_zeros,poisson_lgbm,lightgbm,per_dy,raw,include_zeros,cv_dy_bsmean,53737667907.18125,363119152.06,53374548755.121254,14698.907631922953,33531.719292388254,2673590.686592003,320500.1275323827
lightgbm_poisson__per_dy__raw__include_zeros,poisson_lgbm,lightgbm,per_dy,raw,include_zeros,cv_dy_heur,32368083499.715973,363119152.06,32004964347.65597,8813.90148828273,20170.130864262326,1604424.8471693904,193573.5500154492
lightgbm_poisson__per_dy__raw__include_zeros,poisson_lgbm,lightgbm,per_dy,raw,include_zeros,cv_dy_zcv,27516582253.61891,363119152.06,27153463101.55891,7477.838320428829,17130.585247901494,1363182.8712561897,164769.68033871145
lightgbm_poisson__per_dy__raw__include_zeros,poisson_lgbm,lightgbm,per_dy,raw,include_zeros,cv_global,77099250280.72513,363119152.06,76736131128.66513,21132.493478610468,48140.25069935646,3843025.339249496,459262.48666540213
lightgbm_poisson__per_dy__raw__include_zeros,poisson_lgbm,lightgbm,per_dy,raw,include_zeros,cv_type,71704946007.33733,363119152.06,71341826855.27733,19646.946863185327,37261.07320852021,4070768.7329902984,427177.8074060777
lightgbm_poisson__per_dy__raw__include_zeros,poisson_lgbm,lightgbm,per_dy,raw,include_zeros,cv_type_bs1,62217740461.960365,363119152.06,61854621309.90037,17034.249215166656,33472.826664383436,3387572.9725116077,370840.82519684074
lightgbm_poisson__per_dy__raw__include_zeros,poisson_lgbm,lightgbm,per_dy,raw,include_zeros,duan,27516582253.61891,363119152.06,27153463101.55891,7477.838320428829,17130.585247901494,1363182.8712561897,164769.68033871145
lightgbm_poisson__per_dy__raw__include_zeros,poisson_lgbm,lightgbm,per_dy,raw,include_zeros,insample_global,635801914.8618383,363119152.06,272682762.80183834,75.09456916686719,319.1903802881283,82875.85569865415,5150.9561294981995
lightgbm_poisson__per_dy__raw__include_zeros,poisson_lgbm,lightgbm,per_dy,raw,include_zeros,iso_global,2549134027.734428,363119152.06,2186014875.674428,602.0103492952697,1513.4623951354274,127446.31478588088,16369.5097839023
lightgbm_poisson__per_dy__raw__include_zeros,poisson_lgbm,lightgbm,per_dy,raw,include_zeros,none,27516582253.61891,363119152.06,27153463101.55891,7477.838320428829,17130.585247901494,1363182.8712561897,164769.68033871145
lightgbm_poisson__per_dy__raw__include_zeros,poisson_lgbm,lightgbm,per_dy,raw,include_zeros,paper,27516582253.61891,363119152.06,27153463101.55891,7477.838320428829,17130.585247901494,1363182.8712561897,164769.68033871145
lightgbm_poisson__per_dy__raw__include_zeros,poisson_lgbm,lightgbm,per_dy,raw,include_zeros,shift_dy_bs1,52267351928.78058,363119152.06,51904232776.72058,14293.994817476383,32613.53485584725,2600574.2806691225,311770.5310409887
lightgbm_poisson__per_dy__raw__include_zeros,poisson_lgbm,lightgbm,per_dy,raw,include_zeros,shift_global,77065125506.7445,363119152.06,76702006354.68451,21123.095799147122,48118.8924059168,3841314.8234465695,459059.81423280016
lightgbm_poisson__per_dy__raw__two_stage,poisson_lgbm,lightgbm,per_dy,raw,two_stage,cv_dy,577765051.5573945,363119152.06,214645899.4973945,59.1116988128259,229.03233876174784,81827.41482698331,4661.625018424684
lightgbm_poisson__per_dy__raw__two_stage,poisson_lgbm,lightgbm,per_dy,raw,two_stage,cv_dy_bs1,510936180.2545922,363119152.06,147817028.19459218,40.707582443948766,197.6477730229727,80927.14919190519,4296.611183899773
lightgbm_poisson__per_dy__raw__two_stage,poisson_lgbm,lightgbm,per_dy,raw,two_stage,cv_dy_bsmean,518804305.77531826,363119152.06,155685153.71531826,42.874398894166184,202.25800946271363,80977.28562391677,4335.658811977529
lightgbm_poisson__per_dy__raw__two_stage,poisson_lgbm,lightgbm,per_dy,raw,two_stage,cv_dy_heur,557720689.7712266,363119152.06,194601537.71122664,53.59164797759598,218.42245933827633,81623.4740011991,4551.460422185881
lightgbm_poisson__per_dy__raw__two_stage,poisson_lgbm,lightgbm,per_dy,raw,two_stage,cv_dy_zcv,510936180.2545922,363119152.06,147817028.19459218,40.707582443948766,197.6477730229727,80927.14919190519,4296.611183899773
lightgbm_poisson__per_dy__raw__two_stage,poisson_lgbm,lightgbm,per_dy,raw,two_stage,cv_global,577765051.5573945,363119152.06,214645899.4973945,59.1116988128259,229.03233876174784,81827.41482698331,4661.625018424684
lightgbm_poisson__per_dy__raw__two_stage,poisson_lgbm,lightgbm,per_dy,raw,two_stage,cv_type,524205142.527999,363119152.06,161085990.46799898,44.36174450015843,139.55051425022313,106252.5221992964,4192.847853583188
lightgbm_poisson__per_dy__raw__two_stage,poisson_lgbm,lightgbm,per_dy,raw,two_stage,cv_type_bs1,454670016.5669448,363119152.06,91550864.50694478,25.21234806469733,137.50333259563703,86506.04924138656,3831.2391479462713
lightgbm_poisson__per_dy__raw__two_stage,poisson_lgbm,lightgbm,per_dy,raw,two_stage,duan,510936180.2545922,363119152.06,147817028.19459218,40.707582443948766,197.6477730229727,80927.14919190519,4296.611183899773
lightgbm_poisson__per_dy__raw__two_stage,poisson_lgbm,lightgbm,per_dy,raw,two_stage,insample_global,534223792.8930576,363119152.06,171104640.83305758,47.120797639664325,209.70037451280433,81108.45993612078,4422.642164050873
lightgbm_poisson__per_dy__raw__two_stage,poisson_lgbm,lightgbm,per_dy,raw,two_stage,iso_global,563839937.6116691,363119152.06,200720785.55166906,55.27683803318173,241.71879763217152,81027.51275754975,4493.756097104734
lightgbm_poisson__per_dy__raw__two_stage,poisson_lgbm,lightgbm,per_dy,raw,two_stage,none,510936180.2545922,363119152.06,147817028.19459218,40.707582443948766,197.6477730229727,80927.14919190519,4296.611183899773
lightgbm_poisson__per_dy__raw__two_stage,poisson_lgbm,lightgbm,per_dy,raw,two_stage,paper,510936180.2545922,363119152.06,147817028.19459218,40.707582443948766,197.6477730229727,80927.14919190519,4296.611183899773
lightgbm_poisson__per_dy__raw__two_stage,poisson_lgbm,lightgbm,per_dy,raw,two_stage,shift_dy_bs1,510936180.2545922,363119152.06,147817028.19459218,40.707582443948766,197.6477730229727,80927.14919190519,4296.611183899773
lightgbm_poisson__per_dy__raw__two_stage,poisson_lgbm,lightgbm,per_dy,raw,two_stage,shift_global,577760484.3457357,363119152.06,214641332.28573567,59.11044104065032,229.02490079170397,81827.07453711685,4661.613274651709
lightgbm_poisson__single_model__raw__include_zeros,poisson_lgbm,lightgbm,single_model,raw,include_zeros,cv_dy,731178354.0755012,363119152.06,368059202.0155012,101.36044874732603,348.6612480225171,82369.08723236632,5420.4610486600795
lightgbm_poisson__single_model__raw__include_zeros,poisson_lgbm,lightgbm,single_model,raw,include_zeros,cv_dy_bs1,634359126.9944682,363119152.06,271239974.9344682,74.6972373656705,295.26948673718056,80949.33821742085,4878.862494960165
lightgbm_poisson__single_model__raw__include_zeros,poisson_lgbm,lightgbm,single_model,raw,include_zeros,cv_dy_bsmean,652305556.1378335,363119152.06,289186404.0778335,79.63953496731281,305.3712081448461,81108.58307732246,4976.131906455589
lightgbm_poisson__single_model__raw__include_zeros,poisson_lgbm,lightgbm,single_model,raw,include_zeros,cv_dy_heur,733780344.1343064,363119152.06,370661192.0743064,102.07701520878751,349.8161173387001,82378.79596224162,5433.736128756024
lightgbm_poisson__single_model__raw__include_zeros,poisson_lgbm,lightgbm,single_model,raw,include_zeros,cv_dy_zcv,684379182.6491127,363119152.06,321260030.5891127,88.47234544545017,321.5610631172103,81667.37705606753,5165.28722206197
lightgbm_poisson__single_model__raw__include_zeros,poisson_lgbm,lightgbm,single_model,raw,include_zeros,cv_global,664106922.9824467,363119152.06,300987770.92244667,82.88953342585272,312.3280466757504,81182.2464682689,5036.226510547524
lightgbm_poisson__single_model__raw__include_zeros,poisson_lgbm,lightgbm,single_model,raw,include_zeros,cv_type,672106294.9814794,363119152.06,308987142.9214794,85.09249406663736,308.4728320423353,81682.64098366608,5054.676804125397
lightgbm_poisson__single_model__raw__include_zeros,poisson_lgbm,lightgbm,single_model,raw,include_zeros,cv_type_bs1,611181013.7003498,363119152.06,248061861.6403498,68.31417738036613,279.46762008236317,80812.27956829999,4768.08039307203
lightgbm_poisson__single_model__raw__include_zeros,poisson_lgbm,lightgbm,single_model,raw,include_zeros,duan,611181013.7003498,363119152.06,248061861.6403498,68.31417738036613,279.46762008236317,80812.27956829999,4768.08039307203
lightgbm_poisson__single_model__raw__include_zeros,poisson_lgbm,lightgbm,single_model,raw,include_zeros,insample_global,611099224.0228356,363119152.06,247980071.9628356,68.29165318216556,279.4168388349456,80811.74921172454,4767.667812295976
lightgbm_poisson__single_model__raw__include_zeros,poisson_lgbm,lightgbm,single_model,raw,include_zeros,iso_global,684692483.7775081,363119152.06,321573331.71750814,88.55862597530327,339.04776122834306,80580.59094991295,5141.950805844934
lightgbm_poisson__single_model__raw__include_zeros,poisson_lgbm,lightgbm,single_model,raw,include_zeros,none,611181013.7003498,363119152.06,248061861.6403498,68.31417738036613,279.46762008236317,80812.27956829999,4768.08039307203
lightgbm_poisson__single_model__raw__include_zeros,poisson_lgbm,lightgbm,single_model,raw,include_zeros,paper,611181013.7003498,363119152.06,248061861.6403498,68.31417738036613,279.46762008236317,80812.27956829999,4768.08039307203
lightgbm_poisson__single_model__raw__include_zeros,poisson_lgbm,lightgbm,single_model,raw,include_zeros,shift_dy_bs1,634280852.9537772,363119152.06,271161700.8937772,74.67568134466556,295.2188750927759,80948.61522962489,4878.454891922778
lightgbm_poisson__single_model__raw__include_zeros,poisson_lgbm,lightgbm,single_model,raw,include_zeros,shift_global,664116704.9131379,363119152.06,300997552.8531379,82.89222728835921,312.3273451795085,81182.21244325076,5036.2871206157515
lightgbm_poisson__single_model__raw__two_stage,poisson_lgbm,lightgbm,single_model,raw,two_stage,cv_dy,948199509.0004392,363119152.06,585080356.9404392,161.12627318642876,479.83696789872334,83094.91291960295,6608.745631539346
lightgbm_poisson__single_model__raw__two_stage,poisson_lgbm,lightgbm,single_model,raw,two_stage,cv_dy_bs1,842217697.2294617,363119152.06,479098545.16946167,131.93976204546155,422.5900566977997,81043.5466169061,6018.512446407051
lightgbm_poisson__single_model__raw__two_stage,poisson_lgbm,lightgbm,single_model,raw,two_stage,cv_dy_bsmean,855285130.0483698,363119152.06,492165977.98836976,135.53842456292327,429.68985392618856,81231.93462684458,6090.694376648279
lightgbm_poisson__single_model__raw__two_stage,poisson_lgbm,lightgbm,single_model,raw,two_stage,cv_dy_heur,982272373.6336589,363119152.06,619153221.573659,170.50965724643274,499.1790243217224,82986.7373570159,6788.777818491583
lightgbm_poisson__single_model__raw__two_stage,poisson_lgbm,lightgbm,single_model,raw,two_stage,cv_dy_zcv,890829479.799665,363119152.06,527710327.739665,145.32704340873454,447.3914262979659,81649.70509243775,6292.915551908386
lightgbm_poisson__single_model__raw__two_stage,poisson_lgbm,lightgbm,single_model,raw,two_stage,cv_global,867334075.5474873,363119152.06,504214923.48748726,138.8566041276097,438.2772676325773,80468.19455487964,6148.687742735615
lightgbm_poisson__single_model__raw__two_stage,poisson_lgbm,lightgbm,single_model,raw,two_stage,cv_type,871224418.9416873,363119152.06,508105266.88168734,139.9279724022187,432.15408306481197,80814.00726726551,6139.986466111537
lightgbm_poisson__single_model__raw__two_stage,poisson_lgbm,lightgbm,single_model,raw,two_stage,cv_type_bs1,790700655.6324117,363119152.06,427581503.5724117,117.75239646455229,390.7177066235296,80058.38525026849,5752.678677186667
lightgbm_poisson__single_model__raw__two_stage,poisson_lgbm,lightgbm,single_model,raw,two_stage,duan,790700655.6324117,363119152.06,427581503.5724117,117.75239646455229,390.7177066235296,80058.38525026849,5752.678677186667
lightgbm_poisson__single_model__raw__two_stage,poisson_lgbm,lightgbm,single_model,raw,two_stage,insample_global,810532267.8563588,363119152.06,447413115.79635876,123.21385783651269,403.0254278829725,80156.91521803246,5854.853086870758
lightgbm_poisson__single_model__raw__two_stage,poisson_lgbm,lightgbm,single_model,raw,two_stage,iso_global,868115821.6636295,363119152.06,504996669.6036295,139.07189051823585,436.96699983349527,79189.49663790259,6175.135194522298
lightgbm_poisson__single_model__raw__two_stage,poisson_lgbm,lightgbm,single_model,raw,two_stage,none,790700655.6324117,363119152.06,427581503.5724117,117.75239646455229,390.7177066235296,80058.38525026849,5752.678677186667
lightgbm_poisson__single_model__raw__two_stage,poisson_lgbm,lightgbm,single_model,raw,two_stage,paper,790700655.6324117,363119152.06,427581503.5724117,117.75239646455229,390.7177066235296,80058.38525026849,5752.678677186667
lightgbm_poisson__single_model__raw__two_stage,poisson_lgbm,lightgbm,single_model,raw,two_stage,shift_dy_bs1,842234522.7184474,363119152.06,479115370.65844744,131.9443956454494,422.59298579558583,81042.7292953215,6018.589152804408
lightgbm_poisson__single_model__raw__two_stage,poisson_lgbm,lightgbm,single_model,raw,two_stage,shift_global,867343381.0919168,363119152.06,504224229.0319168,138.85916679729448,438.2754646594937,80468.15710502294,6148.746595977695
lightgbm_tweedie__per_dy__raw__include_zeros,tweedie_lgbm,lightgbm,per_dy,raw,include_zeros,cv_dy,524541290.5904893,363119152.06,161422138.53048933,44.45431688599469,228.75436097390036,86990.54234537993,4378.478141007977
lightgbm_tweedie__per_dy__raw__include_zeros,tweedie_lgbm,lightgbm,per_dy,raw,include_zeros,cv_dy_bs1,485473074.2049166,363119152.06,122353922.1449166,33.69525442290618,212.969994682118,84079.59968731596,4159.792698970957
lightgbm_tweedie__per_dy__raw__include_zeros,tweedie_lgbm,lightgbm,per_dy,raw,include_zeros,cv_dy_bsmean,487031561.0034596,363119152.06,123912408.94345957,34.12444874925928,213.86870516189035,84063.55408313785,4166.968577247786
lightgbm_tweedie__per_dy__raw__include_zeros,tweedie_lgbm,lightgbm,per_dy,raw,include_zeros,cv_dy_heur,401708983.32032347,363119152.06,38589831.260323465,10.627319170966524,176.77957606497492,81024.51956444785,3697.8925593584113
lightgbm_tweedie__per_dy__raw__include_zeros,tweedie_lgbm,lightgbm,per_dy,raw,include_zeros,cv_dy_zcv,464240363.54398185,363119152.06,101121211.48398185,27.8479421727866,196.5942856230091,84590.67308635107,4053.199782780436
lightgbm_tweedie__per_dy__raw__include_zeros,tweedie_lgbm,lightgbm,per_dy,raw,include_zeros,cv_global,524541290.5904893,363119152.06,161422138.53048933,44.45431688599469,228.75436097390036,86990.54234537993,4378.478141007977
lightgbm_tweedie__per_dy__raw__include_zeros,tweedie_lgbm,lightgbm,per_dy,raw,include_zeros,cv_type,490111025.1516493,363119152.06,126991873.0916493,34.97250761112865,169.2226947528198,91497.06780232182,4058.7851944483937
lightgbm_tweedie__per_dy__raw__include_zeros,tweedie_lgbm,lightgbm,per_dy,raw,include_zeros,cv_type_bs1,437179124.8908875,363119152.06,74059972.8308875,20.39550169985256,161.10161237087783,83420.895310848,3779.6022913336888
lightgbm_tweedie__per_dy__raw__include_zeros,tweedie_lgbm,lightgbm,per_dy,raw,include_zeros,duan,283337582.4044595,363119152.06,-79781569.65554053,-21.971181966837655,100.11405957033526,80492.1201888678,3111.286104163024
lightgbm_tweedie__per_dy__raw__include_zeros,tweedie_lgbm,lightgbm,per_dy,raw,include_zeros,insample_global,349796755.4718106,363119152.06,-13322396.588189423,-3.6688774229094085,144.9369180880771,80614.60532806294,3434.3638697736847
lightgbm_tweedie__per_dy__raw__include_zeros,tweedie_lgbm,lightgbm,per_dy,raw,include_zeros,iso_global,749096456.0397642,363119152.06,385977303.97976416,106.29494527900505,383.85144019669804,92111.67119542389,5600.486956176158
lightgbm_tweedie__per_dy__raw__include_zeros,tweedie_lgbm,lightgbm,per_dy,raw,include_zeros,none,283337582.4044595,363119152.06,-79781569.65554053,-21.971181966837655,100.11405957033526,80492.1201888678,3111.286104163024
lightgbm_tweedie__per_dy__raw__include_zeros,tweedie_lgbm,lightgbm,per_dy,raw,include_zeros,paper,283337582.4044595,363119152.06,-79781569.65554053,-21.971181966837655,100.11405957033526,80492.1201888678,3111.286104163024
lightgbm_tweedie__per_dy__raw__include_zeros,tweedie_lgbm,lightgbm,per_dy,raw,include_zeros,shift_dy_bs1,485859207.672099,363119152.06,122740055.61209899,33.80159237423479,213.07555703528536,84093.34995617844,4161.931155252097
lightgbm_tweedie__per_dy__raw__include_zeros,tweedie_lgbm,lightgbm,per_dy,raw,include_zeros,shift_global,524694433.70657426,363119152.06,161575281.64657426,44.49649122882848,228.72530806072072,86979.83739308009,4379.658926122401
lightgbm_tweedie__per_dy__raw__two_stage,tweedie_lgbm,lightgbm,per_dy,raw,two_stage,cv_dy,540283274.2456537,363119152.06,177164122.18565375,48.789528500655905,217.20061871801204,80063.45617056811,4435.359806948388
lightgbm_tweedie__per_dy__raw__two_stage,tweedie_lgbm,lightgbm,per_dy,raw,two_stage,cv_dy_bs1,433459840.2649541,363119152.06,70340688.20495409,19.371241589959247,160.32576884860634,79867.90522450465,3887.3539066229514
lightgbm_tweedie__per_dy__raw__two_stage,tweedie_lgbm,lightgbm,per_dy,raw,two_stage,cv_dy_bsmean,481956310.11711955,363119152.06,118837158.05711955,32.72676678796702,189.65133198107378,79971.9309761265,4124.204360328297
lightgbm_tweedie__per_dy__raw__two_stage,tweedie_lgbm,lightgbm,per_dy,raw,two_stage,cv_dy_heur,533511823.4912373,363119152.06,170392671.43123728,46.92472717690265,213.971491662071,79984.98224520113,4398.967374286114
lightgbm_tweedie__per_dy__raw__two_stage,tweedie_lgbm,lightgbm,per_dy,raw,two_stage,cv_dy_zcv,497553900.65337384,363119152.06,134434748.59337384,37.02221373637723,194.45067877024974,79959.22679968829,4215.45804811929
lightgbm_tweedie__per_dy__raw__two_stage,tweedie_lgbm,lightgbm,per_dy,raw,two_stage,cv_global,540283274.2456537,363119152.06,177164122.18565375,48.789528500655905,217.20061871801204,80063.45617056811,4435.359806948388
lightgbm_tweedie__per_dy__raw__two_stage,tweedie_lgbm,lightgbm,per_dy,raw,two_stage,cv_type,460164422.4395984,363119152.06,97045270.37959838,26.72546182955481,149.18647757518997,79796.82239300237,3829.391828721692
lightgbm_tweedie__per_dy__raw__two_stage,tweedie_lgbm,lightgbm,per_dy,raw,two_stage,cv_type_bs1,444025546.6479113,363119152.06,80906394.58791131,22.280949415343077,155.1464495938796,79514.20555018232,3794.22542511087
lightgbm_tweedie__per_dy__raw__two_stage,tweedie_lgbm,lightgbm,per_dy,raw,two_stage,duan,433459840.2649541,363119152.06,70340688.20495409,19.371241589959247,160.32576884860634,79867.90522450465,3887.3539066229514
lightgbm_tweedie__per_dy__raw__two_stage,tweedie_lgbm,lightgbm,per_dy,raw,two_stage,insample_global,522176103.88645005,363119152.06,159056951.82645005,43.80296410258423,207.42455390272113,80017.44932704339,4344.505003328191
lightgbm_tweedie__per_dy__raw__two_stage,tweedie_lgbm,lightgbm,per_dy,raw,two_stage,iso_global,556087138.7167623,363119152.06,192967986.6567623,53.141781578317094,192.11242853211655,82404.22676161442,4471.076590094567
lightgbm_tweedie__per_dy__raw__two_stage,tweedie_lgbm,lightgbm,per_dy,raw,two_stage,none,433459840.2649541,363119152.06,70340688.20495409,19.371241589959247,160.32576884860634,79867.90522450465,3887.3539066229514
lightgbm_tweedie__per_dy__raw__two_stage,tweedie_lgbm,lightgbm,per_dy,raw,two_stage,paper,433459840.2649541,363119152.06,70340688.20495409,19.371241589959247,160.32576884860634,79867.90522450465,3887.3539066229514
lightgbm_tweedie__per_dy__raw__two_stage,tweedie_lgbm,lightgbm,per_dy,raw,two_stage,shift_dy_bs1,433459840.2649541,363119152.06,70340688.20495409,19.371241589959247,160.32576884860634,79867.90522450465,3887.3539066229514
lightgbm_tweedie__per_dy__raw__two_stage,tweedie_lgbm,lightgbm,per_dy,raw,two_stage,shift_global,540279006.637289,363119152.06,177159854.57728904,48.78835323674033,217.19162556282177,80063.45601926549,4435.3603568597055
lightgbm_tweedie__single_model__raw__include_zeros,tweedie_lgbm,lightgbm,single_model,raw,include_zeros,cv_dy,999837811.3221381,363119152.06,636718659.2621381,175.34703296424584,560.4511963939942,80497.13214098646,6978.314962302894
lightgbm_tweedie__single_model__raw__include_zeros,tweedie_lgbm,lightgbm,single_model,raw,include_zeros,cv_dy_bs1,875192277.1209462,363119152.06,512073125.06094617,141.02068760513458,482.16792162370626,79954.89047811244,6278.4281350481715
lightgbm_tweedie__single_model__raw__include_zeros,tweedie_lgbm,lightgbm,single_model,raw,include_zeros,cv_dy_bsmean,891943412.8064356,363119152.06,528824260.7464356,145.63381131135029,492.68410150034236,80003.14546888864,6371.914249246067
lightgbm_tweedie__single_model__raw__include_zeros,tweedie_lgbm,lightgbm,single_model,raw,include_zeros,cv_dy_heur,995743853.1459599,363119152.06,632624701.0859599,174.21959086901265,558.0886092322489,80368.69467684116,6946.993698786378
lightgbm_tweedie__single_model__raw__include_zeros,tweedie_lgbm,lightgbm,single_model,raw,include_zeros,cv_dy_zcv,970602057.0849503,363119152.06,607482905.0249503,167.29574895145512,541.7852226252845,80332.00143516278,6818.335318374358
lightgbm_tweedie__single_model__raw__include_zeros,tweedie_lgbm,lightgbm,single_model,raw,include_zeros,cv_global,836429561.6539612,363119152.06,473310409.5939612,130.3457575588725,460.8837433741452,79733.44421204059,6059.228102824069
lightgbm_tweedie__single_model__raw__include_zeros,tweedie_lgbm,lightgbm,single_model,raw,include_zeros,cv_type,850813757.2634217,363119152.06,487694605.20342165,134.30704561758765,728.7725418893548,79530.2005411142,6047.691708718359
lightgbm_tweedie__single_model__raw__include_zeros,tweedie_lgbm,lightgbm,single_model,raw,include_zeros,cv_type_bs1,834746484.1112435,363119152.06,471627332.0512435,129.88225197587875,637.2740665023788,79540.24857826813,5981.806865032758
lightgbm_tweedie__single_model__raw__include_zeros,tweedie_lgbm,lightgbm,single_model,raw,include_zeros,duan,672645573.6998163,363119152.06,309526421.63981634,85.2410069487802,351.0552766628365,79546.32702468832,5206.9169379992145
lightgbm_tweedie__single_model__raw__include_zeros,tweedie_lgbm,lightgbm,single_model,raw,include_zeros,insample_global,791289971.0377202,363119152.06,428170818.9777202,117.91468903490153,430.6145327676363,79665.2378637672,5821.967897147233
lightgbm_tweedie__single_model__raw__include_zeros,tweedie_lgbm,lightgbm,single_model,raw,include_zeros,iso_global,953562721.298105,363119152.06,590443569.238105,162.60325732985385,602.4105240892947,80179.03762666258,6637.308029047679
lightgbm_tweedie__single_model__raw__include_zeros,tweedie_lgbm,lightgbm,single_model,raw,include_zeros,none,672645573.6998163,363119152.06,309526421.63981634,85.2410069487802,351.0552766628365,79546.32702468832,5206.9169379992145
lightgbm_tweedie__single_model__raw__include_zeros,tweedie_lgbm,lightgbm,single_model,raw,include_zeros,paper,672645573.6998163,363119152.06,309526421.63981634,85.2410069487802,351.0552766628365,79546.32702468832,5206.9169379992145
lightgbm_tweedie__single_model__raw__include_zeros,tweedie_lgbm,lightgbm,single_model,raw,include_zeros,shift_dy_bs1,875170807.6774601,363119152.06,512051655.6174601,141.01477509862968,482.1385861678669,79954.48987172716,6278.301789833405
lightgbm_tweedie__single_model__raw__include_zeros,tweedie_lgbm,lightgbm,single_model,raw,include_zeros,shift_global,836453567.5564113,363119152.06,473334415.49641126,130.35236858511936,460.8787547561377,79733.42476267497,6059.377872159228
lightgbm_tweedie__single_model__raw__two_stage,tweedie_lgbm,lightgbm,single_model,raw,two_stage,cv_dy,1221455485.0008955,363119152.06,858336332.9408956,236.37870050959702,722.9775550453173,81485.23186996132,8203.651449388617
lightgbm_tweedie__single_model__raw__two_stage,tweedie_lgbm,lightgbm,single_model,raw,two_stage,cv_dy_bs1,1050679524.6416628,363119152.06,687560372.5816629,189.34841874384358,612.0196755478714,80398.9795397229,7237.364774798689
lightgbm_tweedie__single_model__raw__two_stage,tweedie_lgbm,lightgbm,single_model,raw,two_stage,cv_dy_bsmean,1070004692.2789578,363119152.06,706885540.2189579,194.67040948095067,624.5665233684083,80487.24551344209,7346.043682669257
lightgbm_tweedie__single_model__raw__two_stage,tweedie_lgbm,lightgbm,single_model,raw,two_stage,cv_dy_heur,1164678852.632712,363119152.06,801559700.572712,220.74288729344306,685.9535144275225,80943.16969019084,7871.104061152411
lightgbm_tweedie__single_model__raw__two_stage,tweedie_lgbm,lightgbm,single_model,raw,two_stage,cv_dy_zcv,1159627300.8920457,363119152.06,796508148.8320458,219.35173188012809,682.3062030734089,80984.30721019153,7857.5139854544595
lightgbm_tweedie__single_model__raw__two_stage,tweedie_lgbm,lightgbm,single_model,raw,two_stage,cv_global,921337725.9898579,363119152.06,558218573.929858,153.7287611416378,529.6805712013513,79614.12822352258,6498.383179113805
lightgbm_tweedie__single_model__raw__two_stage,tweedie_lgbm,lightgbm,single_model,raw,two_stage,cv_type,947703339.3335942,363119152.06,584584187.2735941,160.9896321791918,503.0578042658459,78889.20340048661,6513.324386511265
lightgbm_tweedie__single_model__raw__two_stage,tweedie_lgbm,lightgbm,single_model,raw,two_stage,cv_type_bs1,926863298.2007651,363119152.06,563744146.1407652,155.25045785731922,493.5353289031953,78994.39441315838,6429.534210235554
lightgbm_tweedie__single_model__raw__two_stage,tweedie_lgbm,lightgbm,single_model,raw,two_stage,duan,775760425.043068,363119152.06,412641272.98306805,113.6379809883686,430.18698114387144,79428.63526774288,5737.193425464117
lightgbm_tweedie__single_model__raw__two_stage,tweedie_lgbm,lightgbm,single_model,raw,two_stage,insample_global,870494888.8265247,363119152.06,507375736.76652473,139.72706586478492,494.9324589256826,79535.29903111476,6231.196861395188
lightgbm_tweedie__single_model__raw__two_stage,tweedie_lgbm,lightgbm,single_model,raw,two_stage,iso_global,963051244.3778379,363119152.06,599932092.317838,165.21631781589647,518.6825131742921,79191.5956820221,6636.171641078916
lightgbm_tweedie__single_model__raw__two_stage,tweedie_lgbm,lightgbm,single_model,raw,two_stage,none,775760425.043068,363119152.06,412641272.98306805,113.6379809883686,430.18698114387144,79428.63526774288,5737.193425464117
lightgbm_tweedie__single_model__raw__two_stage,tweedie_lgbm,lightgbm,single_model,raw,two_stage,paper,775760425.043068,363119152.06,412641272.98306805,113.6379809883686,430.18698114387144,79428.63526774288,5737.193425464117
lightgbm_tweedie__single_model__raw__two_stage,tweedie_lgbm,lightgbm,single_model,raw,two_stage,shift_dy_bs1,1050616659.6099789,363119152.06,687497507.549979,189.33110623599944,611.9457768790038,80397.86687282877,7237.002888767097
lightgbm_tweedie__single_model__raw__two_stage,tweedie_lgbm,lightgbm,single_model,raw,two_stage,shift_global,921354898.6220497,363119152.06,558235746.5620496,153.7334903419827,529.6756499869738,79614.11155453595,6498.491565978762
random_forest__multi_step__log1p__two_stage,mse_log1p,random_forest,multi_step,log1p,two_stage,cv_dy,283070396.89002776,363119152.06,-80048755.16997224,-22.044762639439462,183.48121753877092,78246.62499674073,2771.0267347218182
random_forest__multi_step__log1p__two_stage,mse_log1p,random_forest,multi_step,log1p,two_stage,cv_dy_bs1,276384666.7364916,363119152.06,-86734485.32350838,-23.885957221330152,183.37693780023503,78356.80645928276,2743.2454794903742
random_forest__multi_step__log1p__two_stage,mse_log1p,random_forest,multi_step,log1p,two_stage,cv_dy_bsmean,274084536.8382794,363119152.06,-89034615.22172058,-24.519393900492734,183.85621175549807,78414.07172005883,2733.8052254394943
random_forest__multi_step__log1p__two_stage,mse_log1p,random_forest,multi_step,log1p,two_stage,cv_dy_heur,254428596.30995128,363119152.06,-108690555.75004873,-29.932476745839402,183.48121753877092,78893.22978284718,2657.3778497758326
random_forest__multi_step__log1p__two_stage,mse_log1p,random_forest,multi_step,log1p,two_stage,cv_dy_zcv,274307277.5240379,363119152.06,-88811874.5359621,-24.458052964743448,175.67710571623593,78276.23627344202,2736.1306436059854
random_forest__multi_step__log1p__two_stage,mse_log1p,random_forest,multi_step,log1p,two_stage,cv_global,283070396.89002776,363119152.06,-80048755.16997224,-22.044762639439462,183.48121753877092,78246.62499674073,2771.0267347218182
random_forest__multi_step__log1p__two_stage,mse_log1p,random_forest,multi_step,log1p,two_stage,cv_type,311619182.27698874,363119152.06,-51499969.78301126,-14.182664145046708,279.31413474020104,78169.32298788877,2888.2235165983766
random_forest__multi_step__log1p__two_stage,mse_log1p,random_forest,multi_step,log1p,two_stage,cv_type_bs1,299674018.26176673,363119152.06,-63445133.79823327,-17.472263150622776,273.4756092584834,78199.19784414649,2832.8975063354956
random_forest__multi_step__log1p__two_stage,mse_log1p,random_forest,multi_step,log1p,two_stage,duan,346976771.8606217,363119152.06,-16142380.199378312,-4.4454774989976364,217.6069255494287,78097.58086955281,3046.010943276733
random_forest__multi_step__log1p__two_stage,mse_log1p,random_forest,multi_step,log1p,two_stage,insample_global,287398097.7288989,363119152.06,-75721054.33110112,-20.852949755343488,178.59150619753424,78234.26120333881,2791.145661836356
random_forest__multi_step__log1p__two_stage,mse_log1p,random_forest,multi_step,log1p,two_stage,iso_global,325875844.72093916,363119152.06,-37243307.33906084,-10.256497661381117,345.02021365427544,78388.07043584473,3006.097774793094
random_forest__multi_step__log1p__two_stage,mse_log1p,random_forest,multi_step,log1p,two_stage,none,107808009.57022919,363119152.06,-255311142.48977083,-70.31056914551962,87.95110243153141,79457.64646712158,2183.0197207220467
random_forest__multi_step__log1p__two_stage,mse_log1p,random_forest,multi_step,log1p,two_stage,paper,275863645.7804385,363119152.06,-87255506.27956152,-24.02944206730904,279.31413474020104,78822.20416121284,2740.584175260903
random_forest__multi_step__log1p__two_stage,mse_log1p,random_forest,multi_step,log1p,two_stage,shift_dy_bs1,276546686.82097745,363119152.06,-86572465.23902255,-23.84133823509198,184.67770917684993,78358.14089947593,2744.4184196878755
random_forest__multi_step__log1p__two_stage,mse_log1p,random_forest,multi_step,log1p,two_stage,shift_global,283249341.4916891,363119152.06,-79869810.56831092,-21.995482781672067,184.78330748899526,78248.13940143544,2772.3285907906834
random_forest__per_dy__log1p__include_zeros,mse_log1p,random_forest,per_dy,log1p,include_zeros,cv_dy,2509282874.5122757,363119152.06,2146163722.4522758,591.0356725270317,1732.4114736405554,118017.06624695845,15942.908570390457
random_forest__per_dy__log1p__include_zeros,mse_log1p,random_forest,per_dy,log1p,include_zeros,cv_dy_bs1,2036000710.7198439,363119152.06,1672881558.659844,460.6976936274144,1409.5278050171785,103761.09281006677,13167.216590740909
random_forest__per_dy__log1p__include_zeros,mse_log1p,random_forest,per_dy,log1p,include_zeros,cv_dy_bsmean,2031160673.1103368,363119152.06,1668041521.0503368,459.3647874499107,1405.1518610683434,103616.99468514013,13138.220355548869
random_forest__per_dy__log1p__include_zeros,mse_log1p,random_forest,per_dy,log1p,include_zeros,cv_dy_heur,85306757.57794376,363119152.06,-277812394.48205626,-76.50722714734471,99.61210182731371,80395.64531207376,2328.8372695387384
random_forest__per_dy__log1p__include_zeros,mse_log1p,random_forest,per_dy,log1p,include_zeros,cv_dy_zcv,2263562384.3776903,363119152.06,1900443232.3176904,523.3662894221759,1553.434919845301,111594.51728160043,14522.961792537413
random_forest__per_dy__log1p__include_zeros,mse_log1p,random_forest,per_dy,log1p,include_zeros,cv_global,2509282874.5122757,363119152.06,2146163722.4522758,591.0356725270317,1732.4114736405554,118017.06624695845,15942.908570390457
random_forest__per_dy__log1p__include_zeros,mse_log1p,random_forest,per_dy,log1p,include_zeros,cv_type,1538128773.5891953,363119152.06,1175009621.5291953,323.58789528541377,814.0428592069906,123456.4718128018,9979.867555878063
random_forest__per_dy__log1p__include_zeros,mse_log1p,random_forest,per_dy,log1p,include_zeros,cv_type_bs1,1383684831.3983636,363119152.06,1020565679.3383636,281.05531574102446,782.9593848601578,107261.5938589506,9099.99771797761
random_forest__per_dy__log1p__include_zeros,mse_log1p,random_forest,per_dy,log1p,include_zeros,duan,52077973.16641966,363119152.06,-311041178.8935803,-85.65815852152723,99.6151204017003,80440.31695791375,2290.2535425791903
random_forest__per_dy__log1p__include_zeros,mse_log1p,random_forest,per_dy,log1p,include_zeros,insample_global,1276856955.23156,363119152.06,913737803.17156,251.6358054891521,871.7542663367557,89113.53133068119,8769.564015398259
random_forest__per_dy__log1p__include_zeros,mse_log1p,random_forest,per_dy,log1p,include_zeros,iso_global,2777787260.9201174,363119152.06,2414668108.8601174,664.9795515222864,1831.950551682258,131456.23320284847,17644.56701144453
random_forest__per_dy__log1p__include_zeros,mse_log1p,random_forest,per_dy,log1p,include_zeros,none,52077973.16641966,363119152.06,-311041178.8935803,-85.65815852152723,99.6151204017003,80440.31695791375,2290.2535425791903
random_forest__per_dy__log1p__include_zeros,mse_log1p,random_forest,per_dy,log1p,include_zeros,paper,77691940.21706948,363119152.06,-285427211.84293056,-78.60428463320712,99.61076496811647,80353.9526597825,2292.0317944699764
random_forest__per_dy__log1p__include_zeros,mse_log1p,random_forest,per_dy,log1p,include_zeros,shift_dy_bs1,1983742859.2812319,363119152.06,1620623707.221232,446.30631516606104,1370.787517888591,102455.99099219486,12863.431634602857
random_forest__per_dy__log1p__include_zeros,mse_log1p,random_forest,per_dy,log1p,include_zeros,shift_global,2436738814.979075,363119152.06,2073619662.919075,571.0576407648255,1678.745060504964,115279.48119197464,15516.167394034368
random_forest__per_dy__log1p__two_stage,mse_log1p,random_forest,per_dy,log1p,two_stage,cv_dy,661669899.6650642,363119152.06,298550747.6050642,82.21839743548783,333.3802805640719,80458.15462581748,5063.995668519884
random_forest__per_dy__log1p__two_stage,mse_log1p,random_forest,per_dy,log1p,two_stage,cv_dy_bs1,592864137.2355882,363119152.06,229744985.1755882,63.26986166172427,296.90517032063906,80048.90577660152,4685.313953334216
random_forest__per_dy__log1p__two_stage,mse_log1p,random_forest,per_dy,log1p,two_stage,cv_dy_bsmean,578053423.2059765,363119152.06,214934271.14597648,59.19111397089345,288.57570837990124,79979.52021665535,4603.0079644734105
random_forest__per_dy__log1p__two_stage,mse_log1p,random_forest,per_dy,log1p,two_stage,cv_dy_heur,428399378.0299679,363119152.06,65280225.9699679,17.97763230048007,203.005557909841,79820.56615395311,3796.5011889606963
random_forest__per_dy__log1p__two_stage,mse_log1p,random_forest,per_dy,log1p,two_stage,cv_dy_zcv,638666262.4840637,363119152.06,275547110.42406374,75.8833867233017,318.7859919091439,80347.68059306523,4942.8329335851195
random_forest__per_dy__log1p__two_stage,mse_log1p,random_forest,per_dy,log1p,two_stage,cv_global,661669899.6650642,363119152.06,298550747.6050642,82.21839743548783,333.3802805640719,80458.15462581748,5063.995668519884
random_forest__per_dy__log1p__two_stage,mse_log1p,random_forest,per_dy,log1p,two_stage,cv_type,510222231.8475505,363119152.06,147103079.7875505,40.51096697957808,192.81025936298138,80605.12068853296,4131.748955804738
random_forest__per_dy__log1p__two_stage,mse_log1p,random_forest,per_dy,log1p,two_stage,cv_type_bs1,460241730.7624489,363119152.06,97122578.7024489,26.7467518998835,182.54946775612595,79834.18118345858,3871.647585139135
random_forest__per_dy__log1p__two_stage,mse_log1p,random_forest,per_dy,log1p,two_stage,duan,694768974.0087309,363119152.06,331649821.9487309,91.33360773378615,354.0585793103754,80401.53109524964,5203.36700454893
random_forest__per_dy__log1p__two_stage,mse_log1p,random_forest,per_dy,log1p,two_stage,insample_global,611230352.1879168,363119152.06,248111200.12791675,68.32776479025267,303.9015267609766,80164.07686565944,4793.588234989346
random_forest__per_dy__log1p__two_stage,mse_log1p,random_forest,per_dy,log1p,two_stage,iso_global,567728447.2021556,363119152.06,204609295.1421556,56.347701293471566,255.08354983913057,81053.55545784789,4540.551771340711
random_forest__per_dy__log1p__two_stage,mse_log1p,random_forest,per_dy,log1p,two_stage,none,201597156.04505336,363119152.06,-161521996.01494664,-44.48181680823532,94.37170204955359,79838.75880530333,2771.5830429145303
random_forest__per_dy__log1p__two_stage,mse_log1p,random_forest,per_dy,log1p,two_stage,paper,378655813.8508625,363119152.06,15536661.7908625,4.278667677736618,150.76489408840658,79588.17396412528,3463.36419682352
random_forest__per_dy__log1p__two_stage,mse_log1p,random_forest,per_dy,log1p,two_stage,shift_dy_bs1,592714726.9181957,363119152.06,229595574.85819572,63.22871530066211,296.73205660155287,80047.88990214992,4684.660235004947
random_forest__per_dy__log1p__two_stage,mse_log1p,random_forest,per_dy,log1p,two_stage,shift_global,661500127.5637565,363119152.06,298380975.50375646,82.17164360817121,333.1779404333084,80455.62846994898,5063.2190686196645
random_forest__per_dy__raw__include_zeros,mse_raw,random_forest,per_dy,raw,include_zeros,cv_dy,581270652.960358,363119152.06,218151500.90035802,60.07711233703028,226.8800414966262,80078.08016199929,4633.550645425442
random_forest__per_dy__raw__include_zeros,mse_raw,random_forest,per_dy,raw,include_zeros,cv_dy_bs1,590444533.1567895,363119152.06,227325381.09678954,62.60352278505745,230.97639346217642,80111.82774066189,4685.807421028586
random_forest__per_dy__raw__include_zeros,mse_raw,random_forest,per_dy,raw,include_zeros,cv_dy_bsmean,589995642.817981,363119152.06,226876490.757981,62.479902112266736,230.72373350384834,80110.57383863877,4683.544800115158
random_forest__per_dy__raw__include_zeros,mse_raw,random_forest,per_dy,raw,include_zeros,cv_dy_heur,581022252.7790445,363119152.06,217903100.7190445,60.00870498922053,226.87443292728875,80083.73447055345,4633.094867748255
random_forest__per_dy__raw__include_zeros,mse_raw,random_forest,per_dy,raw,include_zeros,cv_dy_zcv,590444533.1567895,363119152.06,227325381.09678954,62.60352278505745,230.97639346217642,80111.82774066189,4685.807421028586
random_forest__per_dy__raw__include_zeros,mse_raw,random_forest,per_dy,raw,include_zeros,cv_global,581270652.960358,363119152.06,218151500.90035802,60.07711233703028,226.8800414966262,80078.08016199929,4633.550645425442
random_forest__per_dy__raw__include_zeros,mse_raw,random_forest,per_dy,raw,include_zeros,cv_type,469301948.1216352,363119152.06,106182796.0616352,29.241860546119053,138.72824773126408,79804.57849390301,3847.0862558494323
random_forest__per_dy__raw__include_zeros,mse_raw,random_forest,per_dy,raw,include_zeros,cv_type_bs1,442140694.08857775,363119152.06,79021542.02857774,21.761876667832883,139.98924189017146,79194.18115122644,3745.418670054562
random_forest__per_dy__raw__include_zeros,mse_raw,random_forest,per_dy,raw,include_zeros,duan,590444533.1567895,363119152.06,227325381.09678954,62.60352278505745,230.97639346217642,80111.82774066189,4685.807421028586
random_forest__per_dy__raw__include_zeros,mse_raw,random_forest,per_dy,raw,include_zeros,insample_global,587262165.9588804,363119152.06,224143013.89888042,61.72712527755741,229.1281127763441,80094.23190289339,4668.300403193968
random_forest__per_dy__raw__include_zeros,mse_raw,random_forest,per_dy,raw,include_zeros,iso_global,552711989.3406373,363119152.06,189592837.28063732,52.21229345934084,193.53632335297897,80770.75262063369,4482.553386982847
random_forest__per_dy__raw__include_zeros,mse_raw,random_forest,per_dy,raw,include_zeros,none,590444533.1567895,363119152.06,227325381.09678954,62.60352278505745,230.97639346217642,80111.82774066189,4685.807421028586
random_forest__per_dy__raw__include_zeros,mse_raw,random_forest,per_dy,raw,include_zeros,paper,590444533.1567895,363119152.06,227325381.09678954,62.60352278505745,230.97639346217642,80111.82774066189,4685.807421028586
random_forest__per_dy__raw__include_zeros,mse_raw,random_forest,per_dy,raw,include_zeros,shift_dy_bs1,590444533.1567895,363119152.06,227325381.09678954,62.60352278505745,230.97639346217642,80111.82774066189,4685.807421028586
random_forest__per_dy__raw__include_zeros,mse_raw,random_forest,per_dy,raw,include_zeros,shift_global,581273775.435734,363119152.06,218154623.37573403,60.077972240827236,226.88139325944493,80078.1244487967,4633.57502805473
random_forest__per_dy__raw__two_stage,mse_raw,random_forest,per_dy,raw,two_stage,cv_dy,593592587.8665271,363119152.06,230473435.80652708,63.47047091816429,227.28823910174168,80070.85437113325,4670.346209490054
random_forest__per_dy__raw__two_stage,mse_raw,random_forest,per_dy,raw,two_stage,cv_dy_bs1,560292336.094337,363119152.06,197173184.03433698,54.29985802614924,211.9795070483932,79969.79454785693,4489.698576901068
random_forest__per_dy__raw__two_stage,mse_raw,random_forest,per_dy,raw,two_stage,cv_dy_bsmean,566451479.9634006,363119152.06,203332327.9034006,55.99603511681559,215.4273659863077,79987.94754003412,4520.353783321534
random_forest__per_dy__raw__two_stage,mse_raw,random_forest,per_dy,raw,two_stage,cv_dy_heur,593300730.1463573,363119152.06,230181578.0863573,63.390095724921515,227.2852743380708,80076.34083978979,4669.968813722183
random_forest__per_dy__raw__two_stage,mse_raw,random_forest,per_dy,raw,two_stage,cv_dy_zcv,560292336.094337,363119152.06,197173184.03433698,54.29985802614924,211.9795070483932,79969.79454785693,4489.698576901068
random_forest__per_dy__raw__two_stage,mse_raw,random_forest,per_dy,raw,two_stage,cv_global,593592587.8665271,363119152.06,230473435.80652708,63.47047091816429,227.28823910174168,80070.85437113325,4670.346209490054
random_forest__per_dy__raw__two_stage,mse_raw,random_forest,per_dy,raw,two_stage,cv_type,511677953.175459,363119152.06,148558801.11545902,40.911860548438355,158.85901022894947,80484.9533324172,4103.1790924285615
random_forest__per_dy__raw__two_stage,mse_raw,random_forest,per_dy,raw,two_stage,cv_type_bs1,482658538.7058432,363119152.06,119539386.64584321,32.92015471166641,161.41844514592202,79649.77438734786,3979.894507627022
random_forest__per_dy__raw__two_stage,mse_raw,random_forest,per_dy,raw,two_stage,duan,560292336.094337,363119152.06,197173184.03433698,54.29985802614924,211.9795070483932,79969.79454785693,4489.698576901068
random_forest__per_dy__raw__two_stage,mse_raw,random_forest,per_dy,raw,two_stage,insample_global,567650891.1431005,363119152.06,204531739.0831005,56.32634299864875,215.30287354805907,80021.09712991373,4529.011012797229
random_forest__per_dy__raw__two_stage,mse_raw,random_forest,per_dy,raw,two_stage,iso_global,568619183.8414032,363119152.06,205500031.78140324,56.593002769363,215.79222391812115,80503.04500075351,4507.278325595647
random_forest__per_dy__raw__two_stage,mse_raw,random_forest,per_dy,raw,two_stage,none,560292336.094337,363119152.06,197173184.03433698,54.29985802614924,211.9795070483932,79969.79454785693,4489.698576901068
random_forest__per_dy__raw__two_stage,mse_raw,random_forest,per_dy,raw,two_stage,paper,560292336.094337,363119152.06,197173184.03433698,54.29985802614924,211.9795070483932,79969.79454785693,4489.698576901068
random_forest__per_dy__raw__two_stage,mse_raw,random_forest,per_dy,raw,two_stage,shift_dy_bs1,560292336.094337,363119152.06,197173184.03433698,54.29985802614924,211.9795070483932,79969.79454785693,4489.698576901068
random_forest__per_dy__raw__two_stage,mse_raw,random_forest,per_dy,raw,two_stage,shift_global,593590273.3964281,363119152.06,230471121.3364281,63.46983353231289,227.28497935806087,80070.85607722914,4670.344859116497
random_forest__single_model__log1p__include_zeros,mse_log1p,random_forest,single_model,log1p,include_zeros,cv_dy,2641185769.945135,363119152.06,2278066617.885135,627.3606349214867,2087.0130892563857,104900.35257887264,16726.262541679454
random_forest__single_model__log1p__include_zeros,mse_log1p,random_forest,single_model,log1p,include_zeros,cv_dy_bs1,2570035206.5171723,363119152.06,2206916054.4571724,607.7663604183875,2028.931418314634,103181.84374714275,16308.412466968608
random_forest__single_model__log1p__include_zeros,mse_log1p,random_forest,single_model,log1p,include_zeros,cv_dy_bsmean,2645789614.7300625,363119152.06,2282670462.6700625,628.6284955558845,2090.55367008656,104965.53334986005,16752.88615005103
random_forest__single_model__log1p__include_zeros,mse_log1p,random_forest,single_model,log1p,include_zeros,cv_dy_heur,488373642.18600655,363119152.06,125254490.12600654,34.49404676548433,319.82832075246944,81788.0391445231,4612.051329955547
random_forest__single_model__log1p__include_zeros,mse_log1p,random_forest,single_model,log1p,include_zeros,cv_dy_zcv,2416685505.1792793,363119152.06,2053566353.1192794,565.5351257209254,1901.7500029319287,100759.5206300175,15435.463097568849
random_forest__single_model__log1p__include_zeros,mse_log1p,random_forest,single_model,log1p,include_zeros,cv_global,1602227093.502342,363119152.06,1239107941.442342,341.24004046958066,1258.8355841566215,86925.04095804118,10657.82605891987
random_forest__single_model__log1p__include_zeros,mse_log1p,random_forest,single_model,log1p,include_zeros,cv_type,1597293906.5500257,363119152.06,1234174754.4900258,339.88148173635767,1145.012765475693,87149.84894521865,10473.60336152657
random_forest__single_model__log1p__include_zeros,mse_log1p,random_forest,single_model,log1p,include_zeros,cv_type_bs1,1593971199.6949925,363119152.06,1230852047.6349926,338.9664358523322,1143.6461112992454,87142.12349418075,10454.800741086969
random_forest__single_model__log1p__include_zeros,mse_log1p,random_forest,single_model,log1p,include_zeros,duan,94445822.25364576,363119152.06,-268673329.8063542,-73.99040460470121,99.18707614229331,80405.49354090603,2538.339390695428
random_forest__single_model__log1p__include_zeros,mse_log1p,random_forest,single_model,log1p,include_zeros,insample_global,1326562392.237768,363119152.06,963443240.177768,265.3242702049969,1025.046624468392,84614.44479961427,9086.282036304308
random_forest__single_model__log1p__include_zeros,mse_log1p,random_forest,single_model,log1p,include_zeros,iso_global,901076196.2024057,363119152.06,537957044.1424057,148.14890404170043,518.4272799478393,80771.19031427527,6612.724525604693
random_forest__single_model__log1p__include_zeros,mse_log1p,random_forest,single_model,log1p,include_zeros,none,94445822.25364576,363119152.06,-268673329.8063542,-73.99040460470121,99.18707614229331,80405.49354090603,2538.339390695428
random_forest__single_model__log1p__include_zeros,mse_log1p,random_forest,single_model,log1p,include_zeros,paper,370181141.7930026,363119152.06,7061989.733002603,1.944813346511592,209.3828214874884,80336.4435848462,3818.897941082585
random_forest__single_model__log1p__include_zeros,mse_log1p,random_forest,single_model,log1p,include_zeros,shift_dy_bs1,2541206089.1164856,363119152.06,2178086937.0564857,599.8270608146247,2002.2741445171328,102613.98299074818,16139.281148683127
random_forest__single_model__log1p__include_zeros,mse_log1p,random_forest,single_model,log1p,include_zeros,shift_global,1602780895.1026762,363119152.06,1239661743.0426762,341.39255283286207,1257.448108774137,86906.82844585863,10661.159412314671
random_forest__single_model__log1p__two_stage,mse_log1p,random_forest,single_model,log1p,two_stage,cv_dy,1214170443.3242853,363119152.06,851051291.2642853,234.37246050950841,753.4844724800248,82059.71963991846,8142.998480744851
random_forest__single_model__log1p__two_stage,mse_log1p,random_forest,single_model,log1p,two_stage,cv_dy_bs1,1073422178.4784336,363119152.06,710303026.4184337,195.6115568096135,659.650361656619,80850.3045979316,7352.864399548677
random_forest__single_model__log1p__two_stage,mse_log1p,random_forest,single_model,log1p,two_stage,cv_dy_bsmean,1066739404.093355,363119152.06,703620252.033355,193.7711762218183,655.2327403898987,80803.42022412842,7315.0272504224495
random_forest__single_model__log1p__two_stage,mse_log1p,random_forest,single_model,log1p,two_stage,cv_dy_heur,804617844.0060632,363119152.06,441498691.9460632,121.5850746074424,481.2285602642846,79696.59820254687,5846.986501979719
random_forest__single_model__log1p__two_stage,mse_log1p,random_forest,single_model,log1p,two_stage,cv_dy_zcv,1179548376.9386618,363119152.06,816429224.8786619,224.83783084615686,729.5295631197015,81766.76195934281,7956.012674699695
random_forest__single_model__log1p__two_stage,mse_log1p,random_forest,single_model,log1p,two_stage,cv_global,903210481.6255188,363119152.06,540091329.5655189,148.7366685291986,548.5296119312824,79570.56878949718,6401.123388364692
random_forest__single_model__log1p__two_stage,mse_log1p,random_forest,single_model,log1p,two_stage,cv_type,937155980.9958724,363119152.06,574036828.9358723,158.0849772531473,517.8220874903544,79388.4075697691,6500.102064053611
random_forest__single_model__log1p__two_stage,mse_log1p,random_forest,single_model,log1p,two_stage,cv_type_bs1,932593156.9250917,363119152.06,569474004.8650918,156.82841338288728,516.4370271750319,79389.72224927336,6479.628406691372
random_forest__single_model__log1p__two_stage,mse_log1p,random_forest,single_model,log1p,two_stage,duan,1032375430.7180747,363119152.06,669256278.6580746,184.30762323092503,641.2720582825032,79919.18502544993,7090.4668080271695
random_forest__single_model__log1p__two_stage,mse_log1p,random_forest,single_model,log1p,two_stage,insample_global,847101818.57581,363119152.06,483982666.51580995,133.28480851812495,508.2420707502692,79456.66718934549,6104.132111347559
random_forest__single_model__log1p__two_stage,mse_log1p,random_forest,single_model,log1p,two_stage,iso_global,886984746.6539196,363119152.06,523865594.5939196,144.268235817911,476.8528993375709,79165.46814468072,6260.544278181423
random_forest__single_model__log1p__two_stage,mse_log1p,random_forest,single_model,log1p,two_stage,none,415671075.89169055,363119152.06,52551923.83169055,14.4723635571299,198.46310137360157,79349.19662876011,3917.004849320653
random_forest__single_model__log1p__two_stage,mse_log1p,random_forest,single_model,log1p,two_stage,paper,937155980.9958724,363119152.06,574036828.9358723,158.0849772531473,517.8220874903544,79388.4075697691,6500.102064053611
random_forest__single_model__log1p__two_stage,mse_log1p,random_forest,single_model,log1p,two_stage,shift_dy_bs1,1073158749.1405895,363119152.06,710039597.0805895,195.53901055686154,659.344588198153,80846.72815578933,7351.459842868046
random_forest__single_model__log1p__two_stage,mse_log1p,random_forest,single_model,log1p,two_stage,shift_global,903319577.8995056,363119152.06,540200425.8395057,148.76671273737873,548.4970125852398,79570.41882669007,6401.807532823236
random_forest__single_model__raw__include_zeros,mse_raw,random_forest,single_model,raw,include_zeros,cv_dy,1070912012.4215946,363119152.06,707792860.3615947,194.92027791600552,2111.329053108647,79999.52139549937,7316.356801568178
random_forest__single_model__raw__include_zeros,mse_raw,random_forest,single_model,raw,include_zeros,cv_dy_bs1,1042117239.5228162,363119152.06,678998087.4628162,186.99043650295314,2111.329053108647,79832.70785516566,7155.375383728277
random_forest__single_model__raw__include_zeros,mse_raw,random_forest,single_model,raw,include_zeros,cv_dy_bsmean,1024851247.3538635,363119152.06,661732095.2938635,182.23552559533468,2111.329053108647,79785.88066722696,7059.7024298173055
random_forest__single_model__raw__include_zeros,mse_raw,random_forest,single_model,raw,include_zeros,cv_dy_heur,1149289341.2834578,363119152.06,786170189.2234578,216.5047436257383,2111.329053108647,79708.42503091114,7722.077463591526
random_forest__single_model__raw__include_zeros,mse_raw,random_forest,single_model,raw,include_zeros,cv_dy_zcv,1088192254.5090966,363119152.06,725073102.4490967,199.67911313289505,2111.329053108647,79757.04748922736,7396.979916032095
random_forest__single_model__raw__include_zeros,mse_raw,random_forest,single_model,raw,include_zeros,cv_global,1171394613.483665,363119152.06,808275461.423665,222.59235208009892,2111.329053108647,79559.88336847888,7849.289655930196
random_forest__single_model__raw__include_zeros,mse_raw,random_forest,single_model,raw,include_zeros,cv_type,1197990334.610979,363119152.06,834871182.5509791,229.91659289098286,2577.604563780676,80064.5153347693,7890.820407983441
random_forest__single_model__raw__include_zeros,mse_raw,random_forest,single_model,raw,include_zeros,cv_type_bs1,1161602485.4867864,363119152.06,798483333.4267864,219.8956813202871,2360.8436224004113,79735.27748873082,7730.024734716429
random_forest__single_model__raw__include_zeros,mse_raw,random_forest,single_model,raw,include_zeros,duan,1128292178.8265991,363119152.06,765173026.7665992,210.72229939558952,2029.961369733846,79420.78300623606,7618.027573208972
random_forest__single_model__raw__include_zeros,mse_raw,random_forest,single_model,raw,include_zeros,insample_global,1128073674.6906548,363119152.06,764954522.6306548,210.66212517048882,2029.5488831657192,79420.1113002463,7616.857343542915
random_forest__single_model__raw__include_zeros,mse_raw,random_forest,single_model,raw,include_zeros,iso_global,1209261915.355533,363119152.06,846142763.295533,233.0206926556494,2299.7201335314808,80024.78330561376,8014.186203329186
random_forest__single_model__raw__include_zeros,mse_raw,random_forest,single_model,raw,include_zeros,none,1128292178.8265991,363119152.06,765173026.7665992,210.72229939558952,2029.961369733846,79420.78300623606,7618.027573208972
random_forest__single_model__raw__include_zeros,mse_raw,random_forest,single_model,raw,include_zeros,paper,1128292178.8265991,363119152.06,765173026.7665992,210.72229939558952,2029.961369733846,79420.78300623606,7618.027573208972
random_forest__single_model__raw__include_zeros,mse_raw,random_forest,single_model,raw,include_zeros,shift_dy_bs1,1042136900.0233421,363119152.06,679017747.9633422,186.995850841584,2111.363692072909,79832.3847137456,7155.443449113809
random_forest__single_model__raw__include_zeros,mse_raw,random_forest,single_model,raw,include_zeros,shift_global,1171397312.823721,363119152.06,808278160.763721,222.59309545594147,2111.363692072909,79559.87306426621,7849.307191693919
random_forest__single_model__raw__two_stage,mse_raw,random_forest,single_model,raw,two_stage,cv_dy,1019867338.1438627,363119152.06,656748186.0838628,180.86299837342236,989.8915356548135,79614.6895394024,6990.058052129978
random_forest__single_model__raw__two_stage,mse_raw,random_forest,single_model,raw,two_stage,cv_dy_bs1,966815513.5902994,363119152.06,603696361.5302994,166.25296630747465,989.8915356548135,79365.05330929288,6695.795112604731
random_forest__single_model__raw__two_stage,mse_raw,random_forest,single_model,raw,two_stage,cv_dy_bsmean,959877777.5467514,363119152.06,596758625.4867513,164.34237139553187,989.8915356548135,79349.69301623173,6657.7355502177215
random_forest__single_model__raw__two_stage,mse_raw,random_forest,single_model,raw,two_stage,cv_dy_heur,1084704491.4286995,363119152.06,721585339.3686996,198.71861213463848,989.8915356548135,79305.36674166529,7323.400032982235
random_forest__single_model__raw__two_stage,mse_raw,random_forest,single_model,raw,two_stage,cv_dy_zcv,1024660621.7601545,363119152.06,661541469.7001545,182.1830288893285,989.8915356548135,79068.02459965985,6999.368972082607
random_forest__single_model__raw__two_stage,mse_raw,random_forest,single_model,raw,two_stage,cv_global,1064486085.2847059,363119152.06,701366933.2247059,193.15063092811354,989.8915356548135,78950.79102405751,7212.313641157274
random_forest__single_model__raw__two_stage,mse_raw,random_forest,single_model,raw,two_stage,cv_type,1071578211.9498625,363119152.06,708459059.8898625,195.10374373555496,1135.7909181336029,78910.08436394173,7192.860000264365
random_forest__single_model__raw__two_stage,mse_raw,random_forest,single_model,raw,two_stage,cv_type_bs1,1015995155.65978,363119152.06,652876003.5997801,179.79663146269468,940.2433021223815,78852.76564650446,6955.165786652062
random_forest__single_model__raw__two_stage,mse_raw,random_forest,single_model,raw,two_stage,duan,1015995155.65978,363119152.06,652876003.5997801,179.79663146269468,940.2433021223815,78852.76564650446,6955.165786652062
random_forest__single_model__raw__two_stage,mse_raw,random_forest,single_model,raw,two_stage,insample_global,1020752985.020751,363119152.06,657633832.960751,181.10689817101326,945.1146837405124,78861.66844433417,6980.354153430669
random_forest__single_model__raw__two_stage,mse_raw,random_forest,single_model,raw,two_stage,iso_global,1084539963.964403,363119152.06,721420811.904403,198.67330263681575,1009.9768147958557,79080.70295684454,7296.378944154101
random_forest__single_model__raw__two_stage,mse_raw,random_forest,single_model,raw,two_stage,none,1015995155.65978,363119152.06,652876003.5997801,179.79663146269468,940.2433021223815,78852.76564650446,6955.165786652062
random_forest__single_model__raw__two_stage,mse_raw,random_forest,single_model,raw,two_stage,paper,1015995155.65978,363119152.06,652876003.5997801,179.79663146269468,940.2433021223815,78852.76564650446,6955.165786652062
random_forest__single_model__raw__two_stage,mse_raw,random_forest,single_model,raw,two_stage,shift_dy_bs1,966851919.1783588,363119152.06,603732767.1183589,166.26299210420083,989.9392753129345,79364.67441469946,6695.964348458526
random_forest__single_model__raw__two_stage,mse_raw,random_forest,single_model,raw,two_stage,shift_global,1064489883.2078886,363119152.06,701370731.1478887,193.15167684462912,989.9392753129345,78950.78427306683,7212.33809558644
random_forest_poisson__multi_step__raw__two_stage,poisson_rf,random_forest,multi_step,raw,two_stage,cv_dy,384326093.7047739,363119152.06,21206941.6447739,5.840215676993477,987.7349231825249,78516.26495093646,3297.5737074375565
random_forest_poisson__multi_step__raw__two_stage,poisson_rf,random_forest,multi_step,raw,two_stage,cv_dy_bs1,392557761.129012,363119152.06,29438609.069011986,8.107148549451255,950.2211767326232,78492.01346744383,3348.068655465827
random_forest_poisson__multi_step__raw__two_stage,poisson_rf,random_forest,multi_step,raw,two_stage,cv_dy_bsmean,380688020.74111986,363119152.06,17568868.68111986,4.8383205847035216,918.4552071555592,78491.07144586486,3296.014333873755
random_forest_poisson__multi_step__raw__two_stage,poisson_rf,random_forest,multi_step,raw,two_stage,cv_dy_heur,385726475.18487334,363119152.06,22607323.12487334,6.2258691111775395,987.7349231825249,78508.58009956715,3304.6972152468593
random_forest_poisson__multi_step__raw__two_stage,poisson_rf,random_forest,multi_step,raw,two_stage,cv_dy_zcv,392557761.129012,363119152.06,29438609.069011986,8.107148549451255,950.2211767326232,78492.01346744383,3348.068655465827
random_forest_poisson__multi_step__raw__two_stage,poisson_rf,random_forest,multi_step,raw,two_stage,cv_global,384326093.7047739,363119152.06,21206941.6447739,5.840215676993477,987.7349231825249,78516.26495093646,3297.5737074375565
random_forest_poisson__multi_step__raw__two_stage,poisson_rf,random_forest,multi_step,raw,two_stage,cv_type,436391813.3375836,363119152.06,73272661.2775836,20.178682634034235,1216.2916563306796,78518.79047241446,3467.086048155557
random_forest_poisson__multi_step__raw__two_stage,poisson_rf,random_forest,multi_step,raw,two_stage,cv_type_bs1,392850514.47415346,363119152.06,29731362.414153457,8.187770390376103,950.2211767326232,78138.35598241916,3283.1898662729127
random_forest_poisson__multi_step__raw__two_stage,poisson_rf,random_forest,multi_step,raw,two_stage,duan,392557761.129012,363119152.06,29438609.069011986,8.107148549451255,950.2211767326232,78492.01346744383,3348.068655465827
random_forest_poisson__multi_step__raw__two_stage,poisson_rf,random_forest,multi_step,raw,two_stage,insample_global,403628555.8266984,363119152.06,40509403.76669842,11.155953503660102,968.7840402687373,78378.08343536839,3396.6369495735216
random_forest_poisson__multi_step__raw__two_stage,poisson_rf,random_forest,multi_step,raw,two_stage,iso_global,413790588.76770955,363119152.06,50671436.70770955,13.954493014275615,1093.4037602362405,78826.25471585603,3400.362359729789
random_forest_poisson__multi_step__raw__two_stage,poisson_rf,random_forest,multi_step,raw,two_stage,none,392557761.129012,363119152.06,29438609.069011986,8.107148549451255,950.2211767326232,78492.01346744383,3348.068655465827
random_forest_poisson__multi_step__raw__two_stage,poisson_rf,random_forest,multi_step,raw,two_stage,paper,392557761.129012,363119152.06,29438609.069011986,8.107148549451255,950.2211767326232,78492.01346744383,3348.068655465827
random_forest_poisson__multi_step__raw__two_stage,poisson_rf,random_forest,multi_step,raw,two_stage,shift_dy_bs1,392557761.129012,363119152.06,29438609.069011986,8.107148549451255,950.2211767326232,78492.01346744383,3348.068655465827
random_forest_poisson__multi_step__raw__two_stage,poisson_rf,random_forest,multi_step,raw,two_stage,shift_global,384333493.5048786,363119152.06,21214341.44487858,5.842253520511973,987.7700343965765,78516.2365036702,3297.6112755938057
random_forest_poisson__per_dy__raw__include_zeros,poisson_rf,random_forest,per_dy,raw,include_zeros,cv_dy,595823657.0778046,363119152.06,232704505.01780456,64.08488885746065,243.5357207500947,79829.49152032743,4683.000012765081
random_forest_poisson__per_dy__raw__include_zeros,poisson_rf,random_forest,per_dy,raw,include_zeros,cv_dy_bs1,605639977.2302399,363119152.06,242520825.17023987,66.7882219360787,247.79922793927608,79866.59068937515,4742.642939399998
random_forest_poisson__per_dy__raw__include_zeros,poisson_rf,random_forest,per_dy,raw,include_zeros,cv_dy_bsmean,608138992.2533073,363119152.06,245019840.19330734,67.47642992755763,249.23969341202624,79872.81143155236,4755.223572086078
random_forest_poisson__per_dy__raw__include_zeros,poisson_rf,random_forest,per_dy,raw,include_zeros,cv_dy_heur,595181701.3600546,363119152.06,232062549.3000546,63.908099582064935,243.52320656007453,79844.02041861092,4681.965485251523
random_forest_poisson__per_dy__raw__include_zeros,poisson_rf,random_forest,per_dy,raw,include_zeros,cv_dy_zcv,605639977.2302399,363119152.06,242520825.17023987,66.7882219360787,247.79922793927608,79866.59068937515,4742.642939399998
random_forest_poisson__per_dy__raw__include_zeros,poisson_rf,random_forest,per_dy,raw,include_zeros,cv_global,595823657.0778046,363119152.06,232704505.01780456,64.08488885746065,243.5357207500947,79829.49152032743,4683.000012765081
random_forest_poisson__per_dy__raw__include_zeros,poisson_rf,random_forest,per_dy,raw,include_zeros,cv_type,504804951.5487987,363119152.06,141685799.48879868,39.01909295750592,152.17378959070479,80109.71167671199,4002.548919698626
random_forest_poisson__per_dy__raw__include_zeros,poisson_rf,random_forest,per_dy,raw,include_zeros,cv_type_bs1,472792837.34286594,363119152.06,109673685.28286594,30.20322245760918,152.14130141643545,79290.21050173571,3877.1942483906014
random_forest_poisson__per_dy__raw__include_zeros,poisson_rf,random_forest,per_dy,raw,include_zeros,duan,605639977.2302399,363119152.06,242520825.17023987,66.7882219360787,247.79922793927608,79866.59068937515,4742.642939399998
random_forest_poisson__per_dy__raw__include_zeros,poisson_rf,random_forest,per_dy,raw,include_zeros,insample_global,604309804.2989987,363119152.06,241190652.2389987,66.42190335340548,246.67007169467263,79844.22248630799,4734.51432249567
random_forest_poisson__per_dy__raw__include_zeros,poisson_rf,random_forest,per_dy,raw,include_zeros,iso_global,541763438.6150938,363119152.06,178644286.55509382,49.19715348023712,202.0538985597526,80383.4318949919,4384.305704806387
random_forest_poisson__per_dy__raw__include_zeros,poisson_rf,random_forest,per_dy,raw,include_zeros,none,605639977.2302399,363119152.06,242520825.17023987,66.7882219360787,247.79922793927608,79866.59068937515,4742.642939399998
random_forest_poisson__per_dy__raw__include_zeros,poisson_rf,random_forest,per_dy,raw,include_zeros,paper,605639977.2302399,363119152.06,242520825.17023987,66.7882219360787,247.79922793927608,79866.59068937515,4742.642939399998
random_forest_poisson__per_dy__raw__include_zeros,poisson_rf,random_forest,per_dy,raw,include_zeros,shift_dy_bs1,605639977.2302399,363119152.06,242520825.17023987,66.7882219360787,247.79922793927608,79866.59068937515,4742.642939399998
random_forest_poisson__per_dy__raw__include_zeros,poisson_rf,random_forest,per_dy,raw,include_zeros,shift_global,595828354.7458868,363119152.06,232709202.6858868,64.08618255625225,243.53784096110408,79829.60988005938,4683.046963804664
random_forest_poisson__per_dy__raw__two_stage,poisson_rf,random_forest,per_dy,raw,two_stage,cv_dy,599436929.8549824,363119152.06,236317777.79498237,65.07995418427679,233.5181569047891,79942.83209338556,4703.607075032188
random_forest_poisson__per_dy__raw__two_stage,poisson_rf,random_forest,per_dy,raw,two_stage,cv_dy_bs1,560367953.462356,363119152.06,197248801.40235597,54.32068242155499,215.6332585096515,79799.3431821716,4490.340478634623
random_forest_poisson__per_dy__raw__two_stage,poisson_rf,random_forest,per_dy,raw,two_stage,cv_dy_bsmean,565417254.3811629,363119152.06,202298102.32116288,55.71121797721541,218.4925497530404,79811.26027044335,4515.47430041646
random_forest_poisson__per_dy__raw__two_stage,poisson_rf,random_forest,per_dy,raw,two_stage,cv_dy_heur,599144589.6434677,363119152.06,236025437.58346766,64.99944611692308,233.51521522289548,79948.3107692548,4703.217090574426
random_forest_poisson__per_dy__raw__two_stage,poisson_rf,random_forest,per_dy,raw,two_stage,cv_dy_zcv,560367953.462356,363119152.06,197248801.40235597,54.32068242155499,215.6332585096515,79799.3431821716,4490.340478634623
random_forest_poisson__per_dy__raw__two_stage,poisson_rf,random_forest,per_dy,raw,two_stage,cv_global,599436929.8549824,363119152.06,236317777.79498237,65.07995418427679,233.5181569047891,79942.83209338556,4703.607075032188
random_forest_poisson__per_dy__raw__two_stage,poisson_rf,random_forest,per_dy,raw,two_stage,cv_type,514747331.3521063,363119152.06,151628179.29210627,41.75714181747483,161.74110370083943,80403.17344395474,4123.133792772006
random_forest_poisson__per_dy__raw__two_stage,poisson_rf,random_forest,per_dy,raw,two_stage,cv_type_bs1,485022559.2533481,363119152.06,121903407.19334811,33.57118634524829,165.21877270792652,79507.3674174747,3995.4808926537366
random_forest_poisson__per_dy__raw__two_stage,poisson_rf,random_forest,per_dy,raw,two_stage,duan,560367953.462356,363119152.06,197248801.40235597,54.32068242155499,215.6332585096515,79799.3431821716,4490.340478634623
random_forest_poisson__per_dy__raw__two_stage,poisson_rf,random_forest,per_dy,raw,two_stage,insample_global,567418818.1503582,363119152.06,204299666.0903582,56.26243202302938,218.96790851403685,79831.96285689679,4528.340390976997
random_forest_poisson__per_dy__raw__two_stage,poisson_rf,random_forest,per_dy,raw,two_stage,iso_global,578924423.9380883,363119152.06,215805271.8780883,59.430980341799675,220.4388503949852,80446.22242008329,4556.912271675575
random_forest_poisson__per_dy__raw__two_stage,poisson_rf,random_forest,per_dy,raw,two_stage,none,560367953.462356,363119152.06,197248801.40235597,54.32068242155499,215.6332585096515,79799.3431821716,4490.340478634623
random_forest_poisson__per_dy__raw__two_stage,poisson_rf,random_forest,per_dy,raw,two_stage,paper,560367953.462356,363119152.06,197248801.40235597,54.32068242155499,215.6332585096515,79799.3431821716,4490.340478634623
random_forest_poisson__per_dy__raw__two_stage,poisson_rf,random_forest,per_dy,raw,two_stage,shift_dy_bs1,560367953.462356,363119152.06,197248801.40235597,54.32068242155499,215.6332585096515,79799.3431821716,4490.340478634623
random_forest_poisson__per_dy__raw__two_stage,poisson_rf,random_forest,per_dy,raw,two_stage,shift_global,599433911.0350802,363119152.06,236314758.9750802,65.07912282633683,233.51427549097937,79942.82123525057,4703.60208098009
random_forest_poisson__single_model__raw__include_zeros,poisson_rf,random_forest,single_model,raw,include_zeros,cv_dy,987540379.9808841,363119152.06,624421227.9208841,171.96042246147013,1492.6106100784787,79591.24884211754,6856.5368461360285
random_forest_poisson__single_model__raw__include_zeros,poisson_rf,random_forest,single_model,raw,include_zeros,cv_dy_bs1,963702654.6744207,363119152.06,600583502.6144207,165.39571080381438,1492.6106100784787,79483.06587839406,6723.925126863519
random_forest_poisson__single_model__raw__include_zeros,poisson_rf,random_forest,single_model,raw,include_zeros,cv_dy_bsmean,946883874.5614331,363119152.06,583764722.5014331,160.76395838382405,1492.6106100784787,79450.25901670077,6630.787986192093
random_forest_poisson__single_model__raw__include_zeros,poisson_rf,random_forest,single_model,raw,include_zeros,cv_dy_heur,1055944318.0758449,363119152.06,692825166.0158448,190.79829914930122,1492.6106100784787,79306.59583206897,7209.9404892090015
random_forest_poisson__single_model__raw__include_zeros,poisson_rf,random_forest,single_model,raw,include_zeros,cv_dy_zcv,1003312999.5096097,363119152.06,640193847.4496098,176.30407094138272,1492.6106100784787,79391.54084609932,6931.304222993717
random_forest_poisson__single_model__raw__include_zeros,poisson_rf,random_forest,single_model,raw,include_zeros,cv_global,1081514649.7871528,363119152.06,718395497.7271528,197.84015622741066,1492.6106100784787,79173.77055883937,7354.913420043598
random_forest_poisson__single_model__raw__include_zeros,poisson_rf,random_forest,single_model,raw,include_zeros,cv_type,1104402627.5638866,363119152.06,741283475.5038867,204.1433152998222,1945.057242765707,79455.98563354716,7368.9024255505465
random_forest_poisson__single_model__raw__include_zeros,poisson_rf,random_forest,single_model,raw,include_zeros,cv_type_bs1,1072621801.2671796,363119152.06,709502649.2071795,195.3911395700618,1754.8908543935,79227.2740975934,7231.511229137305
random_forest_poisson__single_model__raw__include_zeros,poisson_rf,random_forest,single_model,raw,include_zeros,duan,1040020208.6346878,363119152.06,676901056.5746877,186.41293160511677,1431.5069650638707,79080.7482595016,7133.354189140608
random_forest_poisson__single_model__raw__include_zeros,poisson_rf,random_forest,single_model,raw,include_zeros,insample_global,1040445776.2186615,363119152.06,677326624.1586616,186.53012938484267,1432.133644924079,79081.64394194022,7135.624040107929
random_forest_poisson__single_model__raw__include_zeros,poisson_rf,random_forest,single_model,raw,include_zeros,iso_global,1143770392.1073318,363119152.06,780651240.0473318,214.9848708388537,1928.4449826702012,79850.84430653015,7660.538220028808
random_forest_poisson__single_model__raw__include_zeros,poisson_rf,random_forest,single_model,raw,include_zeros,none,1040020208.6346878,363119152.06,676901056.5746877,186.41293160511677,1431.5069650638707,79080.7482595016,7133.354189140608
random_forest_poisson__single_model__raw__include_zeros,poisson_rf,random_forest,single_model,raw,include_zeros,paper,1040020208.6346878,363119152.06,676901056.5746877,186.41293160511677,1431.5069650638707,79080.7482595016,7133.354189140608
random_forest_poisson__single_model__raw__include_zeros,poisson_rf,random_forest,single_model,raw,include_zeros,shift_dy_bs1,963721459.9623296,363119152.06,600602307.9023297,165.40088962399017,1492.6488454937607,79482.77563144974,6723.992316480916
random_forest_poisson__single_model__raw__include_zeros,poisson_rf,random_forest,single_model,raw,include_zeros,shift_global,1081517768.0036678,363119152.06,718398615.9436679,197.84101495835264,1492.6488454937607,79173.76414500331,7354.933432279807
random_forest_poisson__single_model__raw__two_stage,poisson_rf,random_forest,single_model,raw,two_stage,cv_dy,1013623189.4197743,363119152.06,650504037.3597744,179.1434116513602,919.9883159616203,79560.48376471309,6952.79991874009
random_forest_poisson__single_model__raw__two_stage,poisson_rf,random_forest,single_model,raw,two_stage,cv_dy_bs1,962149368.010334,363119152.06,599030215.9503341,164.96794855132106,919.9883159616203,79321.38282070802,6666.944087501185
random_forest_poisson__single_model__raw__two_stage,poisson_rf,random_forest,single_model,raw,two_stage,cv_dy_bsmean,954834736.5265502,363119152.06,591715584.4665501,162.95355976398017,919.9883159616203,79305.76017995385,6626.882518658281
random_forest_poisson__single_model__raw__two_stage,poisson_rf,random_forest,single_model,raw,two_stage,cv_dy_heur,1077734723.0382988,363119152.06,714615570.9782989,196.7991957802929,919.9883159616203,79245.87945713567,7282.487768365262
random_forest_poisson__single_model__raw__two_stage,poisson_rf,random_forest,single_model,raw,two_stage,cv_dy_zcv,1018706693.6454015,363119152.06,655587541.5854015,180.54336651377602,919.9883159616203,79051.89068967648,6964.288306226328
random_forest_poisson__single_model__raw__two_stage,poisson_rf,random_forest,single_model,raw,two_stage,cv_global,1059602496.5032216,363119152.06,696483344.4432216,191.8057311193925,919.9883159616203,78898.65071908875,7182.348632150255
random_forest_poisson__single_model__raw__two_stage,poisson_rf,random_forest,single_model,raw,two_stage,cv_type,1068009136.3980073,363119152.06,704889984.3380072,194.12084995768407,1064.6116281415493,78862.08062566078,7169.2714288232555
random_forest_poisson__single_model__raw__two_stage,poisson_rf,random_forest,single_model,raw,two_stage,cv_type_bs1,1011076351.6003157,363119152.06,647957199.5403156,178.4420336587618,873.276364090078,78803.32123139103,6925.383903304883
random_forest_poisson__single_model__raw__two_stage,poisson_rf,random_forest,single_model,raw,two_stage,duan,1011076351.6003157,363119152.06,647957199.5403156,178.4420336587618,873.276364090078,78803.32123139103,6925.383903304883
random_forest_poisson__single_model__raw__two_stage,poisson_rf,random_forest,single_model,raw,two_stage,insample_global,1016343667.5988572,363119152.06,653224515.5388572,179.89260875750273,878.3467568012314,78812.88144275524,6953.243705477072
random_forest_poisson__single_model__raw__two_stage,poisson_rf,random_forest,single_model,raw,two_stage,iso_global,1085804555.3941293,363119152.06,722685403.3341293,199.0215606184045,1063.2458727962314,78686.50505209017,7292.8001064105665
random_forest_poisson__single_model__raw__two_stage,poisson_rf,random_forest,single_model,raw,two_stage,none,1011076351.6003157,363119152.06,647957199.5403156,178.4420336587618,873.276364090078,78803.32123139103,6925.383903304883
random_forest_poisson__single_model__raw__two_stage,poisson_rf,random_forest,single_model,raw,two_stage,paper,1011076351.6003157,363119152.06,647957199.5403156,178.4420336587618,873.276364090078,78803.32123139103,6925.383903304883
random_forest_poisson__single_model__raw__two_stage,poisson_rf,random_forest,single_model,raw,two_stage,shift_dy_bs1,962186039.4359609,363119152.06,599066887.3759608,164.97804755750641,920.0366024609783,79320.9953515084,6667.114652884234
random_forest_poisson__single_model__raw__two_stage,poisson_rf,random_forest,single_model,raw,two_stage,shift_global,1059606335.2187102,363119152.06,696487183.1587102,191.80678826977052,920.0366024609783,78898.64419462848,7182.373355016863
