name,method,structure,target,zero_handling,rmse,mae,r2,total_predicted_reserve,total_true_reserve,total_reserve_error,total_reserve_error_pct,max_ay_error_pct,runtime_seconds
random_forest__per_dy__log1p__two_stage,random_forest,per_dy,log1p,two_stage,79568.0429845594,3454.5199732593555,0.02295004868269579,377290749.3006821,363119152.06,14171597.240682125,3.9027402328645233,150.55250082175922,783.9204421043396
random_forest__single_model__log1p__include_zeros,random_forest,single_model,log1p,include_zeros,80242.99467549073,3607.133843673124,0.006303704285655853,336071232.77525586,363119152.06,-27047919.284744143,-7.448772429462734,176.8853740071112,982.8515589237213
random_forest__per_dy__raw__two_stage,random_forest,per_dy,raw,two_stage,79963.93908864121,4491.936122175732,0.013203106196248093,560280242.7646224,363119152.06,197161090.70462245,54.29652762354009,212.57790956829263,663.7245643138885
random_forest__per_dy__raw__include_zeros,random_forest,per_dy,raw,include_zeros,80067.59959875418,4658.86310266071,0.010642997899588114,586109608.6957102,363119152.06,222990456.63571018,61.40972057537311,225.7233810667949,935.3808178901672
random_forest__per_dy__log1p__include_zeros,random_forest,per_dy,log1p,include_zeros,80338.99684746367,2292.074249069002,0.003924578999566997,78090044.23465396,363119152.06,-285029107.82534605,-78.49465009167274,99.61076496811647,1045.6115498542786
chain_ladder,chain_ladder,aggregate,cumulative,N/A,,,,675019869.311335,363119152.0600001,311900717.25133485,85.89486824969173,250.7475792829633,0.0
random_forest__single_model__log1p__two_stage,random_forest,single_model,log1p,two_stage,79379.25845443482,6448.547711616603,0.027580880160675947,925654113.993828,363119152.06,562534961.9338281,154.9174585649169,517.3356188537446,1103.50213098526
random_forest__single_model__raw__two_stage,random_forest,single_model,raw,two_stage,78712.75641609344,6792.63833092257,0.043842014245597305,988455186.7007818,363119152.06,625336034.6407819,172.21235263775193,880.6034899694598,917.9796710014343
random_forest__single_model__raw__include_zeros,random_forest,single_model,raw,include_zeros,79306.47013703312,7527.751279603858,0.029363418850081868,1112904595.3533702,363119152.06,749785443.2933702,206.4846866489376,1885.4769618523612,746.5724880695343
