dev_lag,global,Material,Technical,Bodily,Annuity,Lost,Remaining,Material_flag,Technical_flag,Bodily_flag,Annuity_flag,Lost_flag,Remaining_flag
2,1.9478402529160332,1.6316614366878353,4.481334117741,3.022721022511287,2.9002731826604147,2.0474763089236245,2.0627798301350624,,,,,,
3,2.3824902932545085,1.67781581478374,4.666573633354991,3.7407512006551946,2.446580286089339,0.5,0.9478855227800431,,,,,clipped,
4,2.8426233953271343,1.6134352501202534,4.54071471297404,3.663155791490948,3.75058736308076,2.4920873243915325,5.0,,,,,,clipped
5,1.393525889878752,1.0835246699631493,1.5750651851397195,1.3057605013276958,2.0884604762390433,5.0,0.8764763779527559,,,,,clipped,
6,1.8489865744506848,1.1670743004914685,2.868689392570494,1.1108271944681756,2.444856578706875,0.8356545961002786,0.8356545961002786,,,,,,
7,1.6188289496073776,1.1810100790424631,1.2358585272212474,1.0383255725148135,1.7679493103654393,0.7955112219451371,1.6188289496073776,,,,,,global-fallback
8,1.5503529593349912,0.721176461383943,0.7263309913946654,1.1870771754160503,1.8767271634441955,1.0,1.5503529593349912,,,,,,global-fallback
9,1.2630164712116818,0.8200000000000001,0.8200000000000001,1.049361980672488,1.4819720299563373,0.8200000000000001,1.2630164712116818,,,,,,global-fallback
10,1.0,,,,,,,none,none,none,none,none,none
