method,h,pred_M,true_M,err_M,err_pct,share_of_true_pct
random_forest__per_dy__log1p__two_stage,1,139.07703133831637,140.46061414,-1.3835828016836047,-0.9850325731201482,38.68168708347032
random_forest__per_dy__log1p__two_stage,2,105.84935867680765,46.64537425,59.20398442680766,126.92359184320975,12.845748836264233
random_forest__per_dy__log1p__two_stage,3,75.8917688785141,42.86738251,33.0243863685141,77.0384950861188,11.805321274521154
random_forest__per_dy__log1p__two_stage,4,34.971369011536446,52.07004183,-17.098672818463548,-32.83783192317737,14.339657254265731
random_forest__per_dy__log1p__two_stage,5,18.665026791251883,51.6777923,-33.01276550874812,-63.88191917546004,14.231634990010392
random_forest__per_dy__log1p__two_stage,6,2.7673890301262296,17.99960347,-15.23221443987377,-84.62527780271023,4.956941369764444
random_forest__per_dy__log1p__two_stage,7,0.05969040506310247,4.6924157,-4.632725294936898,-98.7279386806437,1.2922523291265695
random_forest__per_dy__log1p__two_stage,8,0.009115169066333393,6.080143,-6.071027830933667,-99.85008298215463,1.6744209071614453
random_forest__per_dy__log1p__two_stage,9,0.0,0.62578486,-0.62578486,-100.0,0.1723359554157029
random_forest__single_model__log1p__include_zeros,1,60.131509665682145,140.46061414,-80.32910447431784,-57.18977164249914,38.68168708347032
random_forest__single_model__log1p__include_zeros,2,46.98468696203686,46.64537425,0.339312712036863,0.7274305705390776,12.845748836264233
random_forest__single_model__log1p__include_zeros,3,42.51331779067353,42.86738251,-0.3540647193264663,-0.825953670588287,11.805321274521154
random_forest__single_model__log1p__include_zeros,4,36.78676605209864,52.07004183,-15.283275777901359,-29.351379873668442,14.339657254265731
random_forest__single_model__log1p__include_zeros,5,34.11973263736343,51.6777923,-17.55805966263657,-33.976025060645966,14.231634990010392
random_forest__single_model__log1p__include_zeros,6,32.42015797578028,17.99960347,14.420554505780276,80.11595660879453,4.956941369764444
random_forest__single_model__log1p__include_zeros,7,30.99232533499663,4.6924157,26.29990963499663,560.4769763897224,1.2922523291265695
random_forest__single_model__log1p__include_zeros,8,28.864602773520566,6.080143,22.784459773520567,374.73559048727253,1.6744209071614453
random_forest__single_model__log1p__include_zeros,9,23.258133583103795,0.62578486,22.632348723103796,3616.634113376248,0.1723359554157029
random_forest__per_dy__raw__two_stage,1,165.59096251030192,140.46061414,25.13034837030193,17.891384374308657,38.68168708347032
random_forest__per_dy__raw__two_stage,2,141.5255996970942,46.64537425,94.8802254470942,203.40757679116314,12.845748836264233
random_forest__per_dy__raw__two_stage,3,97.89028612240416,42.86738251,55.02290361240416,128.35610758265577,11.805321274521154
random_forest__per_dy__raw__two_stage,4,74.65374927801132,52.07004183,22.583707448011324,43.371786644119396,14.339657254265731
random_forest__per_dy__raw__two_stage,5,70.12552436455624,51.6777923,18.44773206455624,35.69760092974452,14.231634990010392
random_forest__per_dy__raw__two_stage,6,10.372741989753361,17.99960347,-7.626861480246637,-42.37238610816262,4.956941369764444
random_forest__per_dy__raw__two_stage,7,0.1074841022539641,4.6924157,-4.584931597746036,-97.70940792278988,1.2922523291265695
random_forest__per_dy__raw__two_stage,8,0.013894700247188665,6.080143,-6.066248299752811,-99.77147412080294,1.6744209071614453
random_forest__per_dy__raw__two_stage,9,0.0,0.62578486,-0.62578486,-100.0,0.1723359554157029
random_forest__per_dy__raw__include_zeros,1,170.09775371358825,140.46061414,29.637139573588254,21.099964395747485,38.68168708347032
random_forest__per_dy__raw__include_zeros,2,142.815278294562,46.64537425,96.16990404456202,206.1724352968655,12.845748836264233
random_forest__per_dy__raw__include_zeros,3,105.75095963898605,42.86738251,62.883577128986055,146.69329790387067,11.805321274521154
random_forest__per_dy__raw__include_zeros,4,73.01985592515034,52.07004183,20.949814095150337,40.233910630508014,14.339657254265731
random_forest__per_dy__raw__include_zeros,5,77.24127812438229,51.6777923,25.56348582438229,49.46706251687593,14.231634990010392
random_forest__per_dy__raw__include_zeros,6,17.030031949807697,17.99960347,-0.9695715201923027,-5.386627109915454,4.956941369764444
random_forest__per_dy__raw__include_zeros,7,0.13634837920068932,4.6924157,-4.55606732079931,-97.09428175341138,1.2922523291265695
random_forest__per_dy__raw__include_zeros,8,0.018102670032896836,6.080143,-6.062040329967103,-99.70226571919613,1.6744209071614453
random_forest__per_dy__raw__include_zeros,9,0.0,0.62578486,-0.62578486,-100.0,0.1723359554157029
random_forest__per_dy__log1p__include_zeros,1,31.145625225914287,140.46061414,-109.3149889140857,-77.82607927737607,38.68168708347032
random_forest__per_dy__log1p__include_zeros,2,19.0183183519116,46.64537425,-27.6270558980884,-59.22785772929756,12.845748836264233
random_forest__per_dy__log1p__include_zeros,3,18.060735312448717,42.86738251,-24.806647197551282,-57.868350585120155,11.805321274521154
random_forest__per_dy__log1p__include_zeros,4,6.389053032349066,52.07004183,-45.68098879765093,-87.72988688350154,14.339657254265731
random_forest__per_dy__log1p__include_zeros,5,3.265974310694353,51.6777923,-48.411817989305646,-93.68012028893435,14.231634990010392
random_forest__per_dy__log1p__include_zeros,6,0.21025944728683235,17.99960347,-17.789344022713166,-98.83186622617951,4.956941369764444
random_forest__per_dy__log1p__include_zeros,7,6.509767694403013e-05,4.6924157,-4.692350602323057,-99.99861270439139,1.2922523291265695
random_forest__per_dy__log1p__include_zeros,8,1.345637215389199e-05,6.080143,-6.080129543627846,-99.99977868329489,1.6744209071614453
random_forest__per_dy__log1p__include_zeros,9,0.0,0.62578486,-0.62578486,-100.0,0.1723359554157029
chain_ladder,1,301.370429593039,140.46061414,160.909815453039,114.55867286231347,38.68168708347032
chain_ladder,2,157.15767311352042,46.64537425,110.51229886352041,236.92016762738356,12.845748836264233
chain_ladder,3,95.7951502597625,42.86738251,52.927767749762495,123.46862497941328,11.805321274521154
chain_ladder,4,60.673374954274536,52.07004183,8.603333124274537,16.52261611842561,14.339657254265731
chain_ladder,5,38.1238027076397,51.6777923,-13.553989592360303,-26.22788046686798,14.231634990010392
chain_ladder,6,18.183703859924375,17.99960347,0.18410038992437722,1.0228024757946361,4.956941369764444
chain_ladder,7,2.628488084889591,4.6924157,-2.0639276151104093,-43.98433018435279,1.2922523291265695
chain_ladder,8,0.9366241446747183,6.080143,-5.143518855325282,-84.59535993356212,1.6744209071614453
chain_ladder,9,0.1506225936101079,0.62578486,-0.47516226638989206,-75.93061078369523,0.1723359554157029
random_forest__single_model__log1p__two_stage,1,152.5104389592948,140.46061414,12.04982481929481,8.57879263384432,38.68168708347032
random_forest__single_model__log1p__two_stage,2,124.87168719153492,46.64537425,78.22631294153493,167.70433124252384,12.845748836264233
random_forest__single_model__log1p__two_stage,3,111.65043599888331,42.86738251,68.78305348888331,160.45545461712706,11.805321274521154
random_forest__single_model__log1p__two_stage,4,105.45133608729927,52.07004183,53.381294257299274,102.5182473092307,14.339657254265731
random_forest__single_model__log1p__two_stage,5,99.53011041166684,51.6777923,47.85231811166685,92.59745043649406,14.231634990010392
random_forest__single_model__log1p__two_stage,6,95.21436276575197,17.99960347,77.21475929575197,428.98033517486135,4.956941369764444
random_forest__single_model__log1p__two_stage,7,90.32605695372136,4.6924157,85.63364125372135,1824.937233368334,1.2922523291265695
random_forest__single_model__log1p__two_stage,8,82.39470288637622,6.080143,76.31455988637622,1255.1441616813324,1.6744209071614453
random_forest__single_model__log1p__two_stage,9,63.70498273929931,0.62578486,63.079197879299315,10080.013421753176,0.1723359554157029
random_forest__single_model__raw__two_stage,1,171.11922071760569,140.46061414,30.658606577605696,21.827191035237558,38.68168708347032
random_forest__single_model__raw__two_stage,2,139.31668879921747,46.64537425,92.67131454921746,198.67203562895082,12.845748836264233
random_forest__single_model__raw__two_stage,3,120.85679984848167,42.86738251,77.98941733848166,181.93183901603624,11.805321274521154
random_forest__single_model__raw__two_stage,4,111.75445132622117,52.07004183,59.68440949622117,114.62331774397418,14.339657254265731
random_forest__single_model__raw__two_stage,5,106.49424818837885,51.6777923,54.81645588837884,106.07352491019405,14.231634990010392
random_forest__single_model__raw__two_stage,6,100.89267557577817,17.99960347,82.89307210577817,460.5272124129642,4.956941369764444
random_forest__single_model__raw__two_stage,7,94.02892851892042,4.6924157,89.33651281892043,1903.849073280537,1.2922523291265695
random_forest__single_model__raw__two_stage,8,82.68639882718455,6.080143,76.60625582718454,1259.941679450377,1.6744209071614453
random_forest__single_model__raw__two_stage,9,61.30577489899372,0.62578486,60.679990038993715,9696.621621525603,0.1723359554157029
random_forest__single_model__raw__include_zeros,1,183.3454053479242,140.46061414,42.884791207924216,30.531541863529135,38.68168708347032
random_forest__single_model__raw__include_zeros,2,156.89022379577307,46.64537425,110.24484954577306,236.346800338456,12.845748836264233
random_forest__single_model__raw__include_zeros,3,141.9136778910452,42.86738251,99.04629538104523,231.05281820726972,11.805321274521154
random_forest__single_model__raw__include_zeros,4,131.78548511523616,52.07004183,79.71544328523616,153.09271988967052,14.339657254265731
random_forest__single_model__raw__include_zeros,5,125.43029247564122,51.6777923,73.75250017564123,142.71604279744207,14.231634990010392
random_forest__single_model__raw__include_zeros,6,117.4818850175337,17.99960347,99.4822815475337,552.6915174178207,4.956941369764444
random_forest__single_model__raw__include_zeros,7,106.25529526447471,4.6924157,101.5628795644747,2164.4049900454193,1.2922523291265695
random_forest__single_model__raw__include_zeros,8,87.99613940438796,6.080143,81.91599640438797,1347.2708849839219,1.6744209071614453
random_forest__single_model__raw__include_zeros,9,61.806191041353955,0.62578486,61.18040618135396,9776.587784714697,0.1723359554157029
